f1,f2,f3,f4,f5,label
0.3750580701287044,0.2933272208592665,0.9661339655780096,0.9354395672632848,0.075676155182549,1
0.6738259066823635,0.1369265776578405,0.0563413949546246,0.792514852524057,0.3415111790172243,0
0.0739609437222889,0.2548201486954089,0.918740452922978,0.1119577493492517,0.167069917918004,0
0.1079657593578921,0.2876692577478501,0.0830999630637536,0.513673608692986,0.150973492918873,0
0.1476165229923148,0.5450964503686043,0.2290583023608361,0.8952354938487511,0.4057240800157993,0
0.8587640814937307,0.607607200182514,0.0487469480682697,0.8519768690799927,0.0013220983053797,0
0.994256797672506,0.6173735517086146,0.8442459978810264,0.381215400656642,0.1085786886752642,1
0.7847982413403263,0.6964755118071566,0.3104221265736304,0.7599576079278161,0.2768679785552111,1
0.1691985423223503,0.580904163069117,0.6147606531333472,0.528793764375805,0.3394861400754192,1
0.0804452239332559,0.2838252051838259,0.6917780289505077,0.9068866297128316,0.5393809208792117,0
0.9629836384540847,0.6579297243846085,0.8794532734342065,0.9877316771596952,0.7851716488667406,1
0.1687789913105417,0.2680180052932875,0.3397625437960817,0.0807896907457442,0.4112744761057635,0
0.8743096958653187,0.7811235264081089,0.4469998546218378,0.1429691033336176,0.5188390111494487,1
0.3983124574341944,0.4916378891775026,0.5813860655118287,0.4928151858606838,0.187718627796386,0
0.7974232167957069,0.1550278938437751,0.9661251382966496,0.1726192758103141,0.5010616880817705,0
0.8633517735076361,0.9345803669170848,0.8145022252451253,0.2319544503229961,0.6317886388413573,1
0.2760875921550386,0.798089256287703,0.2740477020587802,0.0259922271416742,0.2994209975716162,0
0.7145010165543156,0.8954926025553862,0.1875120730161804,0.4556463776582634,0.1653117761995391,0
0.7926162762246723,0.3228295740717775,0.0903319820539304,0.327439804781701,0.2767448568865973,0
0.6705656935532883,0.1211402260069831,0.1009149876895225,0.5898757478315266,0.2805510143181572,0
0.4122293776669603,0.7399243186157652,0.1911326977976279,0.3518886248179036,0.7256488706938421,0
0.9493376937661824,0.3728810656716019,0.8999945665002101,0.4158624400170913,0.2293821690167836,1
0.187192723489238,0.2771003674775291,0.9823566607544926,0.7079900391072754,0.669294694026551,0
0.8122800626444837,0.6107745083187953,0.8381530837666479,0.5103399108104671,0.7633721798344442,1
0.6264899437870031,0.4693020462402835,0.6115814739671869,0.7726548764469042,0.0689190130730417,1
0.5288226313393254,0.8600550275265556,0.7840553941156398,0.8548134457898646,0.792492851828911,1
0.2534833659357514,0.9218033973626506,0.2626260830735505,0.9501872558550144,0.0645546634754743,0
0.6750615709762525,0.9704575891692496,0.8507912770691699,0.3349670901393262,0.5688817146888541,1
0.6443947720398668,0.6419255999764546,0.2575533997068775,0.5644123721300861,0.4283296725024462,0
0.6404221134441339,0.3811092171309838,0.1516180686945186,0.721100575325641,0.277827061776224,0
0.8072439472700387,0.1807823652610497,0.3745981675487858,0.5620242379243007,0.0004182252860975,0
0.3878593538799726,0.1890747052255885,0.6869010194311538,0.0177705178212231,0.0568466460342549,0
0.6712808596712878,0.869801851941817,0.7282285571500713,0.9561999713951308,0.2284077178145164,1
0.3930509893710829,0.5281106002928524,0.866915706444713,0.3119716459323112,0.9957861958534528,1
0.4185797544059653,0.9284413048361916,0.9032240672677884,0.4526854448770112,0.792675415849696,1
0.4885757129841568,0.1386994552388057,0.2641515429598858,0.974528180826937,0.7592297852155495,1
0.0791069763159959,0.8640501051649514,0.9079839629110747,0.0197399184539862,0.7975760457543069,1
0.7717264924875566,0.4714810460631712,0.2985703801503536,0.7399236900706078,0.0645721711633369,1
0.5934813463126578,0.4303939615847297,0.3712601201333549,0.5158163833624382,0.5457541660318216,1
0.0698773844512413,0.927221241803607,0.5741011380916415,0.2362957028535143,0.8954397680992613,0
0.7442504511626884,0.393047938616879,0.0920125332426773,0.8354772178488015,0.9639032466685749,0
0.0208656191268853,0.2016903060225612,0.4683612172943125,0.1430108895887371,0.5103955926125738,0
0.4996392563438173,0.5011122134741558,0.140624569938795,0.1767508526123159,0.0868104397091296,0
0.5047102382769822,0.7492162373662625,0.5723000847274045,0.03041108003153,0.7611531162415225,1
0.9316872153726812,0.7821615102452515,0.6318946628671768,0.8357626741334039,0.7953099845412943,1
0.9497541545201992,0.464307747250134,0.2209261165850909,0.0239432274970243,0.1352252569755925,0
0.5534585859007722,0.5377567476844767,0.7079144323753824,0.6557257771367404,0.8626457282267354,1
0.2337259447037479,0.987059921478353,0.8020582961860314,0.7018196789657547,0.1931329968566143,1
0.2323961824531573,0.917150866766704,0.6464846329122694,0.3229314073545895,0.1053036980138667,1
0.9061133291684714,0.2620576193549634,0.2907255308469978,0.8188095132309964,0.4148601308529939,1
0.7968667379377419,0.1645379882455687,0.2124973319281762,0.6142074277100388,0.4775473249957137,0
0.2563874940512339,0.8042151169671153,0.5933396527941316,0.0345539185159724,0.2889127336546758,1
0.5025457129826828,0.875527588062747,0.1496228173120535,0.8699915687374286,0.0778901170324647,0
0.6693825938892758,0.821387160210283,0.1794673447279117,0.7198045183049538,0.6475061008508418,1
0.174870481276842,0.3836488582941869,0.714908400085775,0.242882539225807,0.5662539806067575,1
0.5717940953957077,0.8600176603229654,0.3550190238395352,0.7466979262793259,0.3150852107269507,1
0.1727710405180472,0.2293918608693008,0.5471425913683973,0.3330687427386812,0.3053411111525487,0
0.7549710104550172,0.7719486325370936,0.0971196043076991,0.4730097603348751,0.567042402353924,0
0.6266990575954562,0.515582347557019,0.806199814103671,0.287200073271339,0.2916171040325299,1
0.4576936310070252,0.2634888203932266,0.7704991312068105,0.09845257671216,0.782511312598088,1
0.1135948666929766,0.0747710426516328,0.1125798636382746,0.0613123137460324,0.9389703735311192,0
0.0648527810285496,0.6752811671623891,0.1950788466651631,0.6142023384944182,0.5941771060204819,0
0.3985602696042961,0.4587977412020577,0.8154442425424382,0.7853074538345632,0.1768648402758478,1
0.5326849481405356,0.2792702334502477,0.7232540219052283,0.6078625523020464,0.6698705522324204,1
0.241782888285889,0.1007174701991991,0.4385702344104084,0.3014504792923479,0.631697237102237,0
0.4111709089349641,0.952373399624765,0.542325724695889,0.2029023227981113,0.1053776107288854,1
0.8146447941773758,0.626799344846737,0.1554036936013049,0.583404685689155,0.0016840773199705,0
0.3584087100788249,0.5706683529019655,0.4472055123887627,0.4935687126286501,0.8970909025250994,1
0.5060468243367422,0.4152845581649468,0.4257260850291104,0.9180110294731848,0.675024002809335,0
0.3710397300039557,0.4095467373633653,0.0423658805915815,0.513625909310919,0.2660376927587815,0
0.1737119028059442,0.2403645880555154,0.1224473678874856,0.0228516505904126,0.925665531025114,0
0.5136744830009813,0.8368520673447551,0.5227618401353777,0.6627721851163744,0.6865707409359053,1
0.0984850481971478,0.9897173403454532,0.9499980871429444,0.1527299520932094,0.673346390182735,1
0.2168553081180995,0.5894769909293045,0.9175282921686074,0.1858878678336638,0.2378505663451547,1
0.8663115380227773,0.1152336396224776,0.7370193677226705,0.2928569891415223,0.9488121406064984,1
0.744099713704428,0.4427381522629008,0.9917528327741408,0.0053433905875461,0.8451955654920212,1
0.822458344553728,0.4142990066504982,0.1113093400264071,0.2136391697879958,0.223396681996609,0
0.3018980400779284,0.5539144241588382,0.1954577267807863,0.941881273232174,0.6779689563094902,0
0.4591064427033799,0.247718477634683,0.7439874274797411,0.5371901988370078,0.2632246667396106,1
0.0587272064319692,0.161062663901452,0.647007119978731,0.8308004822379477,0.929388289214806,0
0.6581891988643053,0.7057548516922999,0.7003786364110675,0.9849813940788964,0.3157655690471,1
0.0339552323050106,0.8496790967108548,0.8091524600794318,0.9889065832340536,0.6049253163966456,1
0.3192010889479018,0.3614164847662909,0.5348126197094508,0.6843081546352558,0.0033151617445056,0
0.2275815328171753,0.9724425426711606,0.7405163310870916,0.3115309132739007,0.5573159046657232,1
0.8796780082603886,0.3207561829244377,0.1774042308730629,0.4713662390698427,0.186517241221453,0
0.690725414211414,0.8285384366043667,0.6147133590495868,0.5994144111617711,0.6548155149542788,1
0.8000858244104966,0.6232295684534727,0.42330070873928,0.3560223971830157,0.7560014989146249,1
0.1656370896632855,0.7704368925909454,0.7084528266059378,0.1491798558545422,0.0774838770383432,0
0.356554431866913,0.3107173778436538,0.1557826740333041,0.0361556668045417,0.7300557090269619,0
0.3923807750219971,0.6280104588980137,0.8944747037788355,0.6380271212362312,0.0129319467844387,1
0.4817067294330062,0.7907870992009413,0.0045191609962902,0.8760099207906196,0.2360793968224112,0
0.4635501208295673,0.5260489943430494,0.7243051625403517,0.9353277126139076,0.414421536348911,1
0.2202870349864605,0.2272088031421545,0.0772020671978707,0.546595192021113,0.4870849852891332,0
0.1616152969590041,0.0029063782319252,0.4445725090504988,0.1039801761823561,0.8427442397518531,0
0.8403123953448602,0.6484187224682277,0.8763008957270355,0.0520358287879675,0.3819324792446601,1
0.8291740964613192,0.891339434049196,0.6052122422140571,0.6830446240706116,0.2881280554553719,1
0.4017364744102756,0.4806415307572944,0.6855759011367878,0.573975387952746,0.1206154201401167,0
0.7981054590059884,0.8502253013261658,0.2565460163009129,0.0752271445151634,0.9440119010585688,1
0.170741034454928,0.5359983996768397,0.6504396862516596,0.1456837119672464,0.1362204446723335,0
0.4546802698938638,0.4643102739304815,0.3574957469324326,0.5891610686460234,0.4965421203008494,0
0.8849802585709603,0.9796329229069944,0.6760574036092916,0.0389911769170171,0.3994000285647667,1
0.286723625221204,0.0453229653323322,0.874291167273125,0.975632555671736,0.976091931738904,1
0.8468206571244412,0.0617686756861028,0.1910837778855513,0.7009841396596043,0.1102981015628974,0
0.1034887745933351,0.4846146102222295,0.0791464946144384,0.586045252583403,0.6505954665042182,0
0.4975142217667821,0.0827059110168504,0.7304360663623194,0.4296402252580773,0.1188951778705038,1
0.6108586424872315,0.6414110919887075,0.0218328108345772,0.7928926053176144,0.0621475627750476,0
0.632970345618273,0.0726237001418442,0.3539980875109737,0.678887333730069,0.7681970838602009,0
0.2350069809509722,0.1076654899647612,0.922385878690514,0.600665337114241,0.7355756391309765,1
0.354964298366876,0.3012641121312785,0.0433081012004783,0.2083986075757687,0.1824126771648888,0
0.4567120228167203,0.3753259407601889,0.8803313639994966,0.4881356868916554,0.067625092182758,1
0.4810089889350101,0.3112885443336093,0.3807367492881996,0.0589415350405401,0.1378714576250933,0
0.7112442686997177,0.8528668682831975,0.1678165799579688,0.327242351862862,0.465123109428142,1
0.6339264444811629,0.0352241590853588,0.5866885778863,0.2892894454426254,0.4577996479987021,1
0.0946150236802656,0.1273219226820515,0.5127852229646456,0.1268022713645072,0.7053476193807149,0
0.5782880650323656,0.9940981730537474,0.2081962579822865,0.944021945212342,0.3920752672455129,1
0.8295591163129634,0.8133775930552387,0.4393941444947596,0.5626334651998137,0.7340544242610976,1
0.2227666030052909,0.2568525968782121,0.5987303880999424,0.7284199585085638,0.6909363889530041,0
0.5534415155525503,0.382090704112107,0.1227864610144507,0.9317009936573925,0.9470886559611535,0
0.1321913055386628,0.2723469858475387,0.4900799860289726,0.9463997488699536,0.2724928046918998,0
0.9121334989521764,0.1442428359620781,0.8523250335431709,0.4113990076985382,0.4838148789758184,1
0.8403632024543795,0.5813210508267829,0.9030266482865632,0.5000630320121519,0.4782799931421151,1
0.2596303102117167,0.126860201093345,0.1071009087375745,0.8644704285207307,0.4000952113925842,0
0.4853953912041087,0.3905792207571258,0.9918251322214996,0.8997920276274524,0.700526841494136,1
0.4648641795699214,0.4540777114009777,0.9707404689262026,0.6304709709789017,0.7944452066997663,1
0.1338556688605556,0.8114623488209624,0.5361388976760705,0.0837758767635724,0.7462688801077333,1
0.5951363056485843,0.5538176542774425,0.0001883062916783,0.00063566559192,0.5415013520743713,0
0.4654082172095654,0.1464288135743304,0.5272973715417552,0.0653531200085814,0.454998616442793,0
0.3080576897981851,0.7054368991989964,0.1880221105945577,0.7274157327444455,0.7076661882775493,0
0.8173284036286085,0.413752959749048,0.1517340928903529,0.0301960365594814,0.0690096251487242,0
0.7639189023130871,0.508944182320716,0.0676717984110888,0.7738989733798969,0.8396812599354525,0
0.5159374287838736,0.266133996927635,0.8929913946180429,0.2527231480513201,0.1911104471878881,1
0.0296080659423009,0.6543126096283942,0.8614558807547067,0.030178579028194,0.1839233324310732,1
0.0685501412052143,0.7963316252865351,0.0037851704505607,0.7652342017273356,0.6651259758190147,0
0.5779463528152318,0.6245240794823009,0.4385236331526037,0.7959132858982035,0.2950917538086558,1
0.2604458334975876,0.7192777427825996,0.844191365416025,0.8837339214639729,0.7902841775439716,1
0.271487063662492,0.9976804944532596,0.3750551786065398,0.9086731846918596,0.5892053795357947,0
0.340208284862414,0.5037849176848974,0.5217983778409891,0.8075474833808076,0.4486045600705892,1
0.7685699502947835,0.3240198237595887,0.1982757771447802,0.9156515020758405,0.3753476699703189,1
0.9175046633335378,0.6017093629598836,0.3129336696031676,0.4926156223104597,0.4730002294009207,1
0.344101573909745,0.9166580014536336,0.6154079402831211,0.4039043126924162,0.7318087690672905,1
0.6019536781594239,0.1803821163031261,0.903005157074658,0.9046246773564656,0.4000995547588036,1
0.4426979051071235,0.8758681631638258,0.9619215306110342,0.589800229377928,0.340386993260294,1
0.9217792351089816,0.588899292053471,0.2488418932909287,0.9343110235974038,0.6190872386323489,0
0.9413384586374336,0.8766847214478218,0.602707372270477,0.9694837327434884,0.0474202447333345,1
0.7962643551755242,0.280906420259867,0.7138111416135712,0.0188013571631244,0.0007726873910868,1
0.5058928281383757,0.6646140153835113,0.8788357934518846,0.9208187849468648,0.7179610965954555,1
0.324726618576869,0.2619200114984475,0.2276121864160042,0.1803817115918935,0.806197846793304,0
0.6313689542397948,0.9805407615921996,0.9270294074393682,0.0879431276319948,0.7294585691086929,1
0.4579909563742462,0.932445848996443,0.7057026449302426,0.2794225810648231,0.9862249293842728,1
0.8085939141776937,0.3288056570672659,0.3288741285732162,0.8385832918755721,0.4392859681220472,1
0.0541412928428172,0.1380742599849321,0.2141343768873214,0.9543582869914288,0.9429856464693772,0
0.2073795417853827,0.9510485486196508,0.7126343327500387,0.3653587998429921,0.1413866616558674,1
0.804539917596519,0.6536653377700044,0.6138580466127433,0.2167712845962192,0.4018333133094659,1
0.5505421733501445,0.7537355877569248,0.2430050254796564,0.1324677582677024,0.3392003657319856,0
0.7342375451543945,0.5220231170162675,0.8806986665792824,0.5100102966643075,0.5276993500922406,1
0.172071024426191,0.2257950343173337,0.2644024197931792,0.4346685832164796,0.1667368165121651,0
0.6551147747387139,0.3004524439132733,0.6970618986206379,0.9002405420570121,0.6738439947207362,0
0.4480208825267125,0.2162471060646207,0.1462105175778206,0.3080836017209841,0.4874360081901084,0
0.6974138482191262,0.7544918633302096,0.504803163880642,0.7052891796930139,0.4594215183180888,1
0.044558049598069,0.1681812242578725,0.1364564414486477,0.933079236080552,0.8893061939426486,0
0.7724731064770912,0.4150280999130968,0.471773123135856,0.4168202169367512,0.3716839288635016,1
0.1081332295736634,0.1242014179539174,0.6836020871660349,0.368016549094871,0.7145943475290051,0
0.612059903114488,0.8470969648886899,0.861661802660075,0.6816787544186547,0.8544684213559861,1
0.9074307788121716,0.2937480735615406,0.5365559478045502,0.4581326545511687,0.3209075919319888,0
0.7636262578515752,0.6369909827189476,0.3173375140608028,0.3880207710161019,0.6512195885545837,0
0.8019507722349074,0.1188722861487908,0.7056016306429022,0.5716733982841924,0.7121100770611244,1
0.6076743647142877,0.5079093595772497,0.7738135148974881,0.3781220873464082,0.7278058934533979,1
0.4852429222874735,0.9752193573886164,0.5467596957693219,0.7740607302788645,0.1054099236095915,1
0.8861658450903945,0.3218455072436179,0.8430409562765363,0.913006703840072,0.9806450788235788,1
0.1036564748680259,0.0595423604784166,0.8654141035420732,0.8173276689897662,0.7044419962091362,0
0.5473250854808914,0.5169457423313362,0.1075356027584274,0.3090484543398473,0.5766790247940877,0
0.7504907141340463,0.5317687969204637,0.2114701278542015,0.2290597568412147,0.89202967037703,0
0.2454016990184374,0.247804993744745,0.6164626548089298,0.6987806998101729,0.5621311385489032,0
0.3889373346696747,0.8688392946624357,0.225230788729734,0.4905850759829757,0.3352487605656352,1
0.0235588091143265,0.961371818363234,0.3892440553502158,0.7799607887769423,0.6962035517515106,1
0.3676382612790537,0.7006305730689829,0.5545553177638498,0.4770980635543689,0.2051466977191524,1
0.0363383812513531,0.940439014975334,0.303688429734504,0.7466737149367114,0.7630902556650275,0
0.823531919172683,0.7271149412535285,0.4233749194593253,0.7634583663582266,0.6962811038553973,1
0.3211349487027347,0.8236609327099127,0.049359643735002,0.2704260138711423,0.8741001457624881,0
0.2793716440949457,0.4061776531945842,0.8823788565886185,0.1281131929276877,0.7318473991288685,1
0.6474321324064307,0.2371689752888161,0.7701842237278136,0.9257360916790104,0.6215249302880876,1
0.534311178156576,0.9349566964962898,0.4375065502748528,0.6609798726159863,0.9117612566827652,1
0.5872940978027733,0.0080688690126428,0.706157342306208,0.3260571595160436,0.8919613465076974,1
0.0033822921063795,0.1146051019533562,0.4074005319240096,0.1044769436791185,0.813963172940624,0
0.9668614195678318,0.6834247598554956,0.2445183582845567,0.173695939979528,0.7243535304953598,1
0.3690112296630774,0.1669212299244806,0.9088979083003088,0.1715800309642017,0.4431994852084305,1
0.8124645749588203,0.8093120704251932,0.6706021545435116,0.6343114413204634,0.4802039170242014,1
0.4141027856150294,0.1376958735496948,0.025056406851185,0.941385822055028,0.683681982437175,0
0.5786826033407498,0.6147947896416688,0.670170364400447,0.6213784652652525,0.946763382756136,1
0.0209580325022417,0.2960620431886435,0.2656306230408835,0.8550026581897862,0.4843196694164212,0
0.7984463530959831,0.3744624327708704,0.7085366291596028,0.7982357817556993,0.5882458706223709,1
0.0975461330590281,0.3494413899386654,0.1200565676372669,0.8852283325641006,0.3104654490747485,0
0.7523895676253165,0.0982964197708684,0.1540324637964717,0.9648538887386946,0.3827676992738055,0
0.0496210760044871,0.2525634063172142,0.3527675917532074,0.4555422448549797,0.4651478072136866,0
0.0450386023470036,0.5271948662567569,0.8738576919480158,0.3901753904155979,0.7702150792841004,0
0.828450930489275,0.8795246541476852,0.1129821507816671,0.4413736105576755,0.5328948217423446,1
0.7333980724204053,0.3330953112569156,0.529691451563237,0.4207258356336461,0.1211802051115477,1
0.485921040343428,0.5165608937674908,0.0768884581139341,0.5226085785544085,0.5534260894634151,0
0.17853862019747,0.428270802906838,0.9114969794240614,0.0418683787994067,0.8854200950183123,0
0.7436248996764624,0.6688624410210049,0.1343765786924559,0.0080382690205184,0.1284634663767885,0
0.9064329004471112,0.5470462302534652,0.0012521058522867,0.979825075839878,0.8925462100198523,1
0.6939855130885351,0.8848503532740587,0.7690412107993225,0.5503534784048415,0.6277399504134796,1
0.4914530553117895,0.6570196537447355,0.2685692496143627,0.2557725387062782,0.480592454313411,0
0.093874296311474,0.257477069923623,0.2771410273257304,0.6447884782806306,0.0532235159690974,0
0.505106047200146,0.3382442386151078,0.6918893105828202,0.000553870432972,0.6355842488817343,0
0.1819024429066712,0.9380597576071498,0.972792897159631,0.8213284737760084,0.7774138753705678,1
0.2698411187331007,0.1991101966906553,0.628184030066334,0.3246877628944838,0.6963988143318441,0
0.7308094202883832,0.921325773204044,0.3522979829356945,0.2520567341923804,0.6784509030367875,1
0.143742186648767,0.336219322770107,0.4889367941938636,0.1041693551850015,0.4091239913224646,0
0.4747673123271952,0.3857354924093213,0.3529211045859116,0.8577172600296815,0.4639219572006745,0
0.6888922093226272,0.6273008455719167,0.6888659801807738,0.6969870956609012,0.3318759186897948,1
0.6952879682092408,0.2663180254372402,0.1213373431550083,0.3420497196457045,0.3245894396475295,0
0.2411366375707269,0.5584310930907922,0.8758901014362531,0.3753694147938224,0.4364534460680684,0
0.5444737838739921,0.6519540757683325,0.1962657425663132,0.8852283662772247,0.649442921703764,0
0.9307719165568203,0.4511127601516829,0.3427336395728495,0.6248450379859936,0.8979284042626091,1
0.0852776146194083,0.6084870467369252,0.8161501041836609,0.0676640613846767,0.2524549585948404,1
0.8704421046311127,0.0019260949308168,0.1454308063964924,0.7859184988371012,0.3700143701153583,0
0.009935737910794,0.840913445761217,0.6772492064079828,0.2849215939102851,0.7557281466296973,1
0.8391459471094979,0.1998155267498417,0.2528935412038103,0.7422107347436592,0.2787442620186442,0
0.9852155305086948,0.2048962507216498,0.3428399443434718,0.7518964998091863,0.0944232350477057,1
0.5620890142908352,0.0487533233048047,0.3866499513136041,0.6311411801799196,0.6350512423548093,0
0.6422429935336526,0.2497081447690972,0.4015526523273055,0.0074630869144474,0.1076825759527885,0
0.9885021576949552,0.3804334882016892,0.0041790869388999,0.2278041116416901,0.4714161837107705,0
0.1633189001862305,0.51223350572979,0.637896276920073,0.2299544398399949,0.5840473465293615,0
0.1277688058002927,0.609223088656334,0.664138862038253,0.3666955279019059,0.408162239777868,0
0.5462154695393049,0.643533385222327,0.6995013462825976,0.6629510524384908,0.6808051410200086,1
0.6619140703005432,0.3569052250482957,0.2254970266313692,0.2514528198535489,0.5823148255638306,0
0.0807758496720102,0.7566686168803398,0.1808384327734927,0.5017108630620037,0.7429475149681178,0
0.1673525358235056,0.1601120323822057,0.3684665667847068,0.3792437440983771,0.1057549202673644,0
0.5221788883937427,0.2696667602456348,0.2134317849574061,0.5067179899179701,0.049091024539183,0
0.1468337873781821,0.5221565552695541,0.6859017122701195,0.5248871391574543,0.2386576192366425,0
0.8344641323568955,0.5524652447674553,0.3934729700309773,0.3596767138525448,0.479269393742515,1
0.4469224792073557,0.0660258484214793,0.7993547728757493,0.9704152340689368,0.5905541330147885,1
0.4450788734388728,0.30951438854579,0.2290928634163869,0.057616669462863,0.8697291736006191,0
0.7911211650872675,0.0323792458608993,0.7361514422514659,0.4403910416613534,0.5000515724413304,1
0.6408038807444003,0.2967845070047332,0.9534780987053708,0.9307488974623946,0.476943746654591,1
0.9886479831431162,0.9603289250899688,0.6285914947664799,0.5139582970435863,0.5939906838383934,1
0.893250907173656,0.5556899115777029,0.6807039430836719,0.5808209937632565,0.7449687257931863,1
0.778735784052307,0.3777489172176796,0.8378518314370997,0.2810399123637479,0.3227452157061707,1
0.8094114431196626,0.1554078394085991,0.5807667864358319,0.8978910846595192,0.5801598882195507,1
0.0924695726693152,0.404043419877828,0.1515259925702681,0.0663924766806788,0.1076271034922038,0
0.787966019198045,0.6686944155578606,0.5581902677296441,0.6225638466571839,0.5490002823071536,1
0.0043756390354692,0.844048313219658,0.1173643509685946,0.724792670063111,0.8341885457424948,0
0.2878329164581583,0.5916995821445689,0.8689537392492732,0.3851747975758407,0.4534734308445176,1
0.5907152782031732,0.79498856052181,0.584245047921151,0.1963091122781278,0.8744941068110915,0
0.1538723688877813,0.1685685146837693,0.084596614502667,0.2672096905086975,0.1959179343654128,0
0.6916758600043181,0.5530726699015666,0.8128001219266626,0.5691573214116636,0.1824188394845399,1
0.8320593292751093,0.7473973435808569,0.7973216373437279,0.6872709807017321,0.6212654875829029,1
0.3173724145851634,0.490150563826874,0.9909894218240052,0.9931047492053452,0.0109471098617431,1
0.4604667303684615,0.3272504898535536,0.9377855248411862,0.0159927575377811,0.2410034636920738,1
0.2033758409672271,0.6329438843060348,0.8514673059095905,0.9116816803929112,0.3979429627986401,1
0.1806576884483911,0.375918429989285,0.7222779942967051,0.6574156027144347,0.749404824558725,0
0.9279698411415932,0.9127932832961796,0.3433213628302155,0.0201738972230116,0.2723612307787119,1
0.8347430309635592,0.1185441852233717,0.997754156226865,0.0439240761556279,0.0050957774975083,1
0.7725597186262626,0.0208359965463124,0.6442561892029807,0.1634510472222844,0.97095144049875,1
0.1445365541005923,0.7016233211105644,0.7245931206635252,0.5110829965880366,0.6006690475899954,1
0.4211227524368295,0.3676878122293793,0.7502923839685115,0.5586674790165413,0.2316754011203503,1
0.9570043393550928,0.6975459592434021,0.121362260544532,0.7645029860714012,0.2287779247370884,1
0.3796726073991995,0.1910652517375967,0.624123392711182,0.3128613629248334,0.6565756979881419,1
0.8619593416232707,0.3895461459224349,0.6273786654821502,0.764297260914001,0.5787143647108576,1
0.2474170763611197,0.021337687746915,0.9879387859357572,0.5459194467656799,0.0609734860382501,0
0.6297531824481688,0.3124208361566659,0.8532070600900556,0.9867181387518896,0.2240168065750728,1
0.2756516190113507,0.2819826720397956,0.7100007021855439,0.3834775227382694,0.176620619296569,0
0.4382297869273047,0.9479145010316098,0.2161363595476995,0.6725162365262769,0.5236421385821765,0
0.4111271268389487,0.5023940959543445,0.5345120927322239,0.515657737720914,0.6906691871336981,0
0.2644091912200251,0.1504935413137861,0.5518309563711373,0.3741062352944857,0.2921924673719559,0
0.3041487749065076,0.5721506913363863,0.8355689929926048,0.7613501440896482,0.8700752796518877,1
0.2659973126551376,0.7480697761998274,0.7565347967710344,0.5678299316141372,0.2209763363528315,1
0.0842904384948692,0.1741021788439044,0.906115990350556,0.6179870016556966,0.2966160283030277,1
0.9707221347920508,0.4374328427825561,0.6743944645095746,0.3672177844723149,0.8272717495173173,1
0.6540139907004768,0.551699176426118,0.3197946827003551,0.6225664783203096,0.1501584266266976,1
0.35420916238723,0.4027319329685099,0.9594446024104204,0.945021161377414,0.7426563195223898,1
0.3457379378400202,0.4179741113873795,0.2039742169004244,0.3735349915886972,0.0848814301922843,0
0.7490645151707042,0.768061303042919,0.4635694741038896,0.4310641776885967,0.6449609400425196,1
0.970474733462106,0.3662108272816198,0.4370448772013096,0.8186323702825767,0.4929111060708533,1
0.2018513567933746,0.9211373097414128,0.9708892672771234,0.1481303754357081,0.1986410863317544,1
0.136586786769878,0.9864436456012786,0.3835679697304517,0.9096442310718336,0.5158753470064475,0
0.4037952963640092,0.2718515411397018,0.8823563602481166,0.8034000409881472,0.4128307254941421,0
0.0184675309846431,0.9183609991957536,0.3298458425779932,0.3645237638619668,0.8047497531089769,0
0.5542677615334075,0.925402821573654,0.980889126470952,0.6069775729418548,0.6382329476268315,1
0.3096319623332235,0.9967866600320542,0.1342652563023573,0.5290236834434411,0.5413600401737557,1
0.8160699073189182,0.0433756071332428,0.9406231662849996,0.5610480282278847,0.9789195031914578,1
0.5782727326111429,0.8525398865305539,0.2331872911777173,0.1486180473288342,0.7926080055524303,0
0.5686097734287527,0.0340925022229635,0.599168520077657,0.3138490538112167,0.3223568739939565,1
0.8219387627841951,0.1518464547674916,0.817497265200293,0.1139882471260117,0.4250797614027869,1
0.0953829264610583,0.3913836535291354,0.2956183911467958,0.923528892978966,0.5468484754013035,0
0.983401874282436,0.8307787152954018,0.9587437218740278,0.0404909395206422,0.2321289261916198,1
0.6790385486476384,0.911468671947144,0.6222508982047128,0.7221108099389254,0.8168612038624407,1
0.2556062611474177,0.5294545553436105,0.9899029753870217,0.6157726437619668,0.25061582057855,1
0.1691469106935712,0.3993704416650397,0.962038904266966,0.5382014653672812,0.631558933248414,0
0.346564355277501,0.2096284189386187,0.1475781951633337,0.281716771275573,0.3011888445966851,0
0.8390780603030179,0.8906794150919579,0.2361207838973169,0.4563969766162019,0.0832477687149595,1
0.8879909638901017,0.9760233811239148,0.0957028164255651,0.6297066057931482,0.2317212525811436,1
0.15781607898832,0.4811062564208234,0.0365288187619258,0.3148761867023059,0.0432724722678946,0
0.6630044200157308,0.0556747368438231,0.2776066556580941,0.1410468597836025,0.1733653487866404,0
0.9783759793540204,0.1561765229403821,0.3363596094044898,0.534730846918572,0.6150561282205106,1
0.2791015643221652,0.9079192317685024,0.2324214163660225,0.0797189984800564,0.318449943942433,0
0.2020313611461637,0.7497064972412525,0.6798634388134572,0.1334589363953304,0.672303465483188,0
0.1298758091186176,0.6154341690438099,0.5177920944030431,0.6317284509307379,0.0880490104221617,0
0.507608783688034,0.4934802060094642,0.7245085325079156,0.0081922691339243,0.8955861126446301,1
0.8088124877813797,0.3388882626371267,0.3244479345581734,0.7136954672899978,0.4225017782553942,0
0.8604221457748795,0.6796330543015155,0.6936421599705356,0.054176846547558,0.9867123901624631,1
0.2229198870190036,0.0086004781191649,0.114547479687726,0.971563372496704,0.7553502676360617,0
0.463626998557514,0.8006173243793079,0.4791383230463822,0.2852690030507898,0.1597036498853267,0
0.4147668600862655,0.6342341813145677,0.6313313471420261,0.7932395250717961,0.1881685244253241,1
0.0480060483913746,0.4938630951153188,0.9340785561312492,0.2206703855317029,0.1325595210837249,0
0.6351061511429799,0.9085833064715524,0.5177609330460952,0.186129405098551,0.8310380486549097,1
0.6846468484437135,0.5902612887836698,0.653212400546461,0.1548531835535236,0.5026662171506951,1
0.6950192483091141,0.1536181703638341,0.3616063531232867,0.6801391123721388,0.856076548155746,1
0.5984114170308626,0.1026788983093274,0.5514983027829434,0.8994618959256053,0.6728470890771241,1
0.8986259653492767,0.4708198141365277,0.1292842023974849,0.5778817666634787,0.5894350058925083,0
0.2532369254118356,0.52972865448207,0.124230301273429,0.6194458880478023,0.9399986656816964,0
0.0298179901558753,0.5639480928544309,0.277920236035771,0.2205521734998573,0.7331580922856514,0
0.5221371162618103,0.2873519112853075,0.5971182101948264,0.980816111444668,0.5351350738470387,0
0.9121556228891567,0.2297211321191198,0.1193077941267647,0.8866780901182223,0.0981365708720385,0
0.3598304012100873,0.4728710221582982,0.8064589490062655,0.1161199327608129,0.9353947132730948,1
0.3172467249790762,0.7124784722839774,0.7207449765521384,0.7447441361097278,0.4544450059910608,1
0.2736459847741037,0.2511533927677331,0.2230785863904939,0.7013193439245647,0.7822067138801455,0
0.4903846428611447,0.1238335321233269,0.9979727155583688,0.7643393311134324,0.5957914697665841,1
0.2956300633781911,0.8493743387162355,0.9630399267996675,0.3024657093919911,0.2988318034375716,1
0.1428656948167792,0.9862520546844618,0.1304492579418639,0.0327112836123441,0.0217751350405156,0
0.1652080059300358,0.681453503818577,0.4745810988512783,0.4196637667930595,0.5029650256466166,0
0.8584960458775509,0.2314747847315437,0.0512226740483403,0.1440061905928297,0.5539184651803248,0
0.1293609047528703,0.7240225100308292,0.7935366449058269,0.0789936889529244,0.2067147895334043,0
0.3338758697698235,0.9668933488256568,0.7975450803640789,0.8064500079075712,0.1215758184827127,1
0.3407919639905797,0.2926545519282169,0.258164976929817,0.90857387221354,0.9131913803906156,0
0.0020937444822665,0.8772581401120129,0.2886697473540518,0.0988660165865755,0.8239856406724316,0
0.7812041627562256,0.5489621975290301,0.8689238227929478,0.592259760328776,0.9050620098212988,1
0.1496546202056545,0.8459468869021881,0.0145277979608395,0.2458929266192357,0.3256492460647417,0
0.1099594469974549,0.4993909619353248,0.8230289226614539,0.0182531038433655,0.4926389104398722,1
0.8386302154954433,0.0368797059078946,0.6022806217251586,0.5075543641047643,0.7981269461246487,1
0.4316329578340495,0.7156296825605324,0.8060653032934417,0.2861406097334378,0.0867696418951743,1
0.3642163168350771,0.176538564446223,0.8330961305046851,0.1396697634329231,0.3753844369830879,0
0.3987298088389086,0.6201151281211934,0.0896411326452556,0.2922801359978564,0.4665764711108305,0
0.491783968151627,0.4487519989294251,0.8647756682515011,0.4943418853537292,0.3406627601643446,1
0.6266413564619878,0.5612421358765288,0.499416309675647,0.996093210724564,0.2121964047272033,1
0.6337875246685953,0.548561797288081,0.0748901761713537,0.8245482994529557,0.1884573059294084,1
0.5652280348758992,0.1946571550012477,0.8917936375089229,0.9591553157978938,0.9139642781361316,1
0.8747712073201562,0.5525631201168575,0.2439944981799129,0.037002386345757,0.5420949721899856,1
0.9024626858260828,0.1730940394669379,0.4298633325481747,0.4998851321182033,0.9421512383589976,1
0.9986087609677128,0.3832801606055642,0.4430048755622716,0.8012345891984138,0.9894005937243848,1
0.7755295946588132,0.8917574870408278,0.8324316322802754,0.6309623731406157,0.6234516469332315,1
0.5074688445121418,0.4789460181406447,0.811783483847922,0.00992629034362,0.114831126807028,0
0.2849279496333706,0.7105284795730559,0.0548903863962465,0.323991074644007,0.3422279902522007,0
0.2951583374353045,0.107382434227736,0.7909032755370544,0.5801417414813241,0.8231573308304161,1
0.8785451183938738,0.6854053185588108,0.1478298145488658,0.6668493733956266,0.0190281885281812,1
0.3866069038466123,0.5473741218165152,0.6388284206551628,0.3851722639843881,0.0382357867653071,0
0.2293673287378571,0.4882142768412626,0.0239477830379222,0.0755889803965803,0.9075246742660976,0
0.7526874137080082,0.5775897148666698,0.0341204487129469,0.1249765082391545,0.3052931350893818,0
0.5474615964314731,0.0860708994942466,0.4072867859716856,0.3780460676658969,0.1787651144809513,0
0.6418788836567987,0.8653479999970319,0.66185988771457,0.4215199602607378,0.7645990673207553,1
0.8244967721413144,0.8564510205849396,0.3995637739521069,0.3077186586459534,0.1437281572418539,1
0.2044790922726032,0.5140244475595201,0.8932767356332628,0.3304553595629963,0.2846372703423339,1
0.8218716002690192,0.74987063095722,0.9633007532927058,0.7454073890998216,0.9579615259060364,1
0.9953371235509764,0.0606711789122889,0.9701659702219048,0.3773145835574697,0.1150413266573315,1
0.3358944934249841,0.6620631614750575,0.8438795779741435,0.2612078487637783,0.8797523895815783,1
0.896182244968612,0.5601666200628964,0.7577370451929057,0.8578620967095038,0.3948978009342752,1
0.8581873991782896,0.2992246072848343,0.8407303422469705,0.218344592127081,0.9898563797696874,1
0.5781492181078615,0.2296388994363496,0.8683249588863154,0.7145075135432293,0.5022357946150903,1
0.6613009138805716,0.9382928528357428,0.1919493892497564,0.5096352183979774,0.0803816837373797,1
0.0007133286141682,0.3045997478167102,0.6935012904706807,0.6925168075939844,0.9465810240129088,0
0.0657247601741669,0.617313838551628,0.1002062556907845,0.1645592633322922,0.8384978572816971,0
0.0403518315957464,0.9365851594360026,0.3106071886621759,0.328628221524415,0.2135703649113582,0
0.079142524587313,0.5553820317117585,0.7090051384595415,0.11348817204711,0.3556312152543701,0
0.7691676913097775,0.5740982752105709,0.7112687911133451,0.95681882777266,0.2970401436594619,1
0.6331668654972051,0.8609427649803455,0.3662813204984465,0.1261544157418348,0.9637943131490608,0
0.4610232035892544,0.9917350534330198,0.5943358126435738,0.9768910115720906,0.7446702038926468,1
0.6088617733254139,0.7887065221619606,0.767693119890381,0.167534426947584,0.943116241971433,1
0.6645272767965698,0.3815772555389091,0.830984412600431,0.9539483349868686,0.3902305921837357,1
0.2472496304175923,0.7379555823189686,0.5123890599723195,0.7624622263934433,0.7750374074676055,0
0.5998071795570232,0.2321803065631944,0.2056419622326302,0.8213055521390198,0.2993028265943569,0
0.4125866755464769,0.1638594518067211,0.1072138768797495,0.4803187519239229,0.8252073993503909,0
0.8744415232407539,0.8854176849422073,0.4549362739911651,0.3565753544087445,0.2358156274904183,1
0.8791842799508417,0.8608517754071425,0.4218545214514639,0.4816788013209155,0.6791887427408062,1
0.9489104017728412,0.6910224653005496,0.3570815888848926,0.8880046562917929,0.1423706299247499,1
0.5213989804050987,0.8357777147341034,0.544548197657586,0.6819248886526678,0.4391266462042337,1
0.5199162857683925,0.2995710540374366,0.6273501640474425,0.22950664261585,0.5548176274509814,1
0.0817044674894009,0.5436506071530111,0.9689266022446056,0.2913913629735506,0.6994970306736495,1
0.477572592690871,0.6115751332019067,0.9397174671044528,0.8990239099747783,0.1879767470768198,1
0.2300651687471945,0.2830710321391744,0.8968836701033566,0.0392315416081675,0.6322989803809687,0
0.1709860441239359,0.4974503245523036,0.7807006215037041,0.2463803228487207,0.1241112388358635,1
0.781208566134154,0.8319643211979335,0.2826564812387832,0.595252947910866,0.8043051346524408,1
0.0817237149785227,0.6908303286330312,0.2207971558068001,0.813231439666368,0.0927108053942169,0
0.82803343674603,0.3984963367740977,0.6235690740778572,0.2468908816035718,0.8716982440944401,1
0.2050989727111882,0.9003935584697905,0.101500425247924,0.8833434520993548,0.6264893304496638,0
0.1617723907107857,0.674128363307477,0.6878179158147931,0.69371615973914,0.8820248521198484,0
0.8730848537128674,0.9793845378622312,0.5759824638512776,0.6022168592374221,0.4868263860539237,1
0.3035866406346679,0.4569805608885107,0.7683919268847597,0.1868292554551133,0.2699035155756288,0
0.2522605008555842,0.2910824582578523,0.5361042666185944,0.8764993389588557,0.8060288755770655,0
0.4501169486733677,0.3423886270279409,0.8503778461436556,0.5725790096174344,0.1756969487537945,1
0.1564486806102296,0.5708306385435953,0.0027527137193216,0.5368931626485661,0.4095451724294874,0
0.6835257726721947,0.6999796721051683,0.7943171652687611,0.8956139865776588,0.6700492290393302,1
0.2900659651989994,0.5147020776390819,0.8237262564199516,0.6018701658398041,0.3031785799621611,1
0.1456167301114567,0.8604978943925702,0.3396569285056909,0.5671111325156784,0.5078213712829858,0
0.8614807051093644,0.084462094160981,0.6085263125675052,0.4263180509792404,0.8320225625281376,1
0.6554288890991583,0.9373894845779044,0.359644043420206,0.3037812273793183,0.7393828712365625,1
0.3617716719060661,0.0033120754141375,0.5233098263146008,0.1718604519382721,0.8312685805954024,0
0.2344581485300284,0.8094257925793568,0.1071518279618477,0.3052757723623437,0.5186018093167548,0
0.9399016882442606,0.6880542092965535,0.938873276662968,0.7391176887545813,0.2570736195529867,1
0.4688669780143196,0.7537124536454746,0.4136771676797084,0.9694046631828362,0.4649109635963077,0
0.0787848845611938,0.599542500929822,0.8319448749086611,0.7863139529010118,0.3426930019820599,1
0.1395455115935544,0.701948205668886,0.0852902501663507,0.1949052900874898,0.383202424475331,0
0.1913941818222504,0.3711303165665139,0.543011617075509,0.1997526488617331,0.0163321442913353,0
0.2219452242637178,0.4625926945737657,0.142349482297852,0.7677350245301326,0.882170405745688,0
0.7272949214221684,0.5512813507733342,0.4686155247023869,0.3393875905108025,0.1852252895534851,0
0.7692181681553099,0.8742113602558595,0.2409072764074885,0.158137452732506,0.8317245415756308,1
0.8474160876731477,0.1152696315652062,0.1421768801226791,0.7870557937740517,0.460486652793559,0
0.9960226508576844,0.8665896384702784,0.6154033605194437,0.6059254279031042,0.2348593634567916,1
0.4245214993358667,0.134894802534781,0.7082844183032967,0.6829960472018528,0.8035607265017529,1
0.6145694058917881,0.8281474318897747,0.8040592149859143,0.096148098794824,0.1453567440176146,1
0.9888335520060266,0.0257928437304811,0.5649460767770366,0.6239329074094947,0.4575354290207288,1
0.5968126350896237,0.2362939955803736,0.9862133662249148,0.1709982974647201,0.3215919284781759,1
0.5356556682786557,0.1241271854445106,0.7105830867145021,0.9910824796653976,0.3763257629148997,1
0.9149912962141546,0.1311796676624393,0.9512490670746097,0.3443258652993929,0.6846764013962333,1
0.0362852490140876,0.0215062944234182,0.157805389491521,0.1880991327791245,0.3330712439507318,0
0.8057421529657485,0.9709917199222848,0.8310431098446528,0.1657786894828187,0.9954231086141858,1
0.810173579507563,0.0255865921455126,0.7311180380850768,0.3821931727689085,0.5670293996553508,1
0.4963122348218364,0.551935057389655,0.5975701236473172,0.3356675600236276,0.7515519582035637,1
0.3872251431797402,0.6059680202663116,0.892554517503947,0.3758754401652262,0.5268722779792263,1
0.100887343442215,0.3310223889259103,0.9923518839267084,0.6650787703684286,0.9316937444829224,1
0.3544717908865675,0.4564080648644988,0.7784067860355609,0.4309671488051034,0.2632515696101803,0
0.0713474210999598,0.7092180504503273,0.27055473244398,0.248307513784951,0.2222341328837567,0
0.4119911534278166,0.0685968256800336,0.3798992319275756,0.543723970730246,0.2193729794933928,0
0.1934948032109311,0.3872369024995625,0.1695436314651293,0.5094535351196529,0.1005066232468097,0
0.8351999309688402,0.2576797999890677,0.2295487358472263,0.5643743371170642,0.5286099899764047,1
0.2878685083909064,0.5837294214037998,0.1962981651055415,0.3770871657758869,0.135215971058791,0
0.5587795579695582,0.389452113591159,0.4030655079092984,0.5019421461019207,0.3064917157952948,0
0.553793094245765,0.6667517261727378,0.3222939094246468,0.45845557822695,0.3949533100858964,0
0.7623457634543828,0.7468768035486782,0.0103361706341015,0.6275459112605952,0.2204796940017293,0
0.7159150525136136,0.7040708382920741,0.1513488620085497,0.3803011345806141,0.4125908315328498,0
0.4497433893151749,0.0048643203155243,0.90939714618468,0.226914182486568,0.9059089030290812,0
0.966258421409584,0.4492420076708798,0.831699750856452,0.5869324557654503,0.6838503086692923,1
0.3726866535378529,0.0364663815856449,0.8521835956405531,0.9202785908193362,0.7374547081009826,1
0.2938176642158606,0.4345272583712797,0.3995921987235085,0.9984847297571888,0.060472148927042,0
0.7868118464189994,0.2168459675109183,0.3085476943410957,0.145151444659989,0.8057508753438387,0
0.1117620371456015,0.946767562501208,0.5643298383286212,0.6408974918824225,0.1104240922567838,1
0.4947751457088535,0.5986689056810081,0.273452690335118,0.8454963606053763,0.5615585457993612,1
0.0410721622460871,0.6737986099199939,0.6190917548444418,0.8729599606902446,0.1393135617264843,1
0.1514341423761751,0.1825955521081201,0.9560979351575326,0.7075112959558604,0.0131382505566925,1
0.7366134966394678,0.7041869546937831,0.7215798773205133,0.0624623975696858,0.4113251772683244,1
0.2845280508285095,0.5132794866226303,0.1563231732206221,0.9724226183282028,0.8473448489987018,0
0.4441181577837164,0.4134453386198796,0.4244249756168979,0.8157936122612525,0.3468044545541756,0
0.5762032409984377,0.480701212699547,0.3316762509406277,0.3892837278067129,0.8486111348500265,0
0.6712158787105323,0.589888736659266,0.5132997677759694,0.6390328216147722,0.2250822325426954,1
0.8384082070427277,0.2600931178993992,0.8365379765041986,0.6236598236631082,0.029832134891185,1
0.543041874324536,0.8232841101507903,0.3779910165831898,0.7262641828526007,0.148463882630498,0
0.581990139421455,0.1767571253370646,0.4026397528789419,0.8458482666435975,0.520802912246647,0
0.5296108254211429,0.0698923181296868,0.7469073013427543,0.179369753745523,0.79546738842727,0
0.4210631847550685,0.6798307305420063,0.9242645827539356,0.5089626660524879,0.5736380682221812,1
0.9102473657884138,0.8705732664199322,0.9575992457409124,0.8476554921976449,0.0222277892643549,1
0.5059534718282361,0.7986887187398986,0.2658224825038483,0.5088057648147198,0.7397152082318388,0
0.239331460676468,0.312211400801998,0.2448197995537826,0.1003875963912954,0.1547314008009324,0
0.757015745942713,0.8989221073336218,0.0644795778726335,0.5941161899786285,0.0639615272794597,0
0.7834855387347369,0.3744182648654046,0.827682413759536,0.0837970837621028,0.9913154910001972,1
0.6297616999839899,0.5959934428265292,0.546144645164412,0.2233075411398059,0.5137125978238304,1
0.9749448217142082,0.684568599963933,0.709462164428381,0.6041456811342322,0.2305914565501564,1
0.7328395141001404,0.1100382781265844,0.1033592597391032,0.3698442359976821,0.1840333215911743,0
0.5355407427433474,0.7529171092452498,0.1970821145428224,0.8987731490125405,0.2605704325051345,0
0.0712137913572741,0.4658776507332044,0.4243281641901558,0.6089030324776892,0.3934152995348673,0
0.9880105757337292,0.0296118558543611,0.0219472927356958,0.6537700736159822,0.8198345531856401,0
0.6370183289897419,0.3591370189743932,0.2231345175788747,0.1240745077072601,0.1185719634762043,0
0.8926487401710714,0.8216732691158881,0.2755238570530793,0.0383863460925859,0.4242513842430041,1
0.7208097410929409,0.921400045337955,0.0904731054927142,0.2278949870271066,0.2043667702462341,0
0.948437587432173,0.7269929200436563,0.741317343377614,0.0965820596541058,0.5702193330889517,1
0.6276475871939409,0.6837378895354315,0.9138796314340334,0.0134702670895792,0.0513513980930918,1
0.9176767788903454,0.0267890513403169,0.0215013744359846,0.8958022525338871,0.8669149069273251,0
0.0820070664700786,0.8017411097669537,0.7871384826340814,0.3870368539332158,0.4100098876780452,1
0.8896240322667645,0.8650635837648208,0.6156246133518312,0.0013308957744615,0.916066472417736,1
0.5530405882919742,0.6472055330482062,0.2154925159390658,0.2968666041246036,0.9329857785457708,1
0.3925362102923025,0.500459877075766,0.5179266454198085,0.4508971806750916,0.849697189307814,0
0.1956301938597425,0.4735812710107414,0.7267987415838112,0.4215593113220311,0.8289276929974896,1
0.0521527814815586,0.2650930530264954,0.903739584802324,0.6379266233593138,0.384478292798569,1
0.9020293657851732,0.1999899531536751,0.7784015932425229,0.6498541950530418,0.8167603473572017,1
0.8121104285457292,0.1759307624062717,0.8462170969843313,0.6156081579705615,0.7280860751775026,1
0.5503597918477919,0.1083455757937025,0.348040864633669,0.3156911485700399,0.5978268759899877,0
0.5526811832672761,0.6007248412138037,0.1973384445677133,0.6025960255633799,0.3040517943363088,0
0.9829774175192264,0.0326604285918417,0.4410805221538354,0.1934466162948884,0.889474211894529,1
0.1370144441521704,0.1066729521210744,0.0304031303929236,0.6757444540062341,0.4983746814156894,0
0.585650902682172,0.0043670164636905,0.5225041970104287,0.0105110886025439,0.4649031168584642,0
0.3760470160728842,0.1127159613124852,0.6048256499276372,0.460550019963393,0.6191780932546793,0
0.0272678403819492,0.9890151221265312,0.4884303711505002,0.2168813439941824,0.9510769734766789,1
0.4581599498216108,0.4775603613781836,0.6415949099407441,0.0825311080656781,0.7885855146350298,0
0.9067600723393252,0.6815041149738901,0.4215531670311175,0.3940790323012995,0.5180234126415133,1
0.3725048826716619,0.3019860219516186,0.2315798492453243,0.2553741314977068,0.6880111847936858,0
0.7484528937598792,0.5513819859630734,0.7206755743722314,0.0509912927927456,0.7142662968689085,1
0.4011249901673824,0.8799981983662566,0.90288213796706,0.846252149675835,0.0623950366463296,1
0.7811071171495862,0.8925374695037033,0.3300280606858381,0.8137732649032232,0.569998748761017,1
0.2041615198241593,0.2380129556547022,0.2786396152913148,0.5486621040105398,0.6007132838159686,0
0.5132932970782612,0.5155972162713496,0.446071679262775,0.6456326623283566,0.8196026488585813,1
0.6520153607008433,0.7513812284797022,0.7858778776265294,0.1082656695819274,0.8097853763097976,1
0.1088451698299488,0.8239069935633855,0.0642548908935518,0.5978772986957599,0.388973195258403,0
0.7250340499361602,0.4871187025864537,0.1419548930831371,0.7716930815817312,0.4821617538450093,1
0.83958800786571,0.7818210741871394,0.4959039075002578,0.6482417864868755,0.4436239170639193,1
0.6993617689233554,0.3630204712717123,0.9244768980645662,0.7251278894936435,0.4025443033389605,1
0.4364163257402919,0.5645725179811707,0.9347063516038692,0.9423730153241384,0.772244415297747,1
0.9967500544928796,0.3445014074113216,0.0467251172015662,0.9082194331359564,0.0616211659418225,0
0.2897433379436014,0.722697507780484,0.7979343668396304,0.6127079499234306,0.3595486737019845,1
0.4375497031744012,0.4017658783264406,0.5211182164486213,0.8320067080250246,0.2657746434179845,0
0.1022176256468416,0.5382743916352587,0.432695577035549,0.2062209915330028,0.5164529133427557,0
0.9871533743755928,0.1484117502768511,0.3053745897089636,0.9602106066762464,0.8044519160836651,1
0.6078039022642351,0.8504019571508968,0.3136108790379356,0.9052117637988634,0.32592463192610066,1
0.4853688568217217,0.12460370052220893,0.421615420606244,0.7045910425850999,0.4326560032741944,0
0.14149084464595174,0.0756375581089127,0.7586851062975808,0.546769519808936,0.091443535966508,0
0.4944293312717374,0.4389883774398492,0.9189582490945922,0.571975822916369,0.8433443305161227,1
0.1785631872911082,0.2200586300924866,0.019818213531271223,0.9226928861366,0.15461004069791706,0
0.2542208148930255,0.6330910981113606,0.28075689083931665,0.6234751284823454,0.10960141806169366,0
0.12387994973293137,0.6232235076317433,0.4886145916269631,0.8044680362767396,0.1543845767452917,0
0.00020654127700314717,0.18313801735884838,0.9588637994416149,0.00994723312010315,0.7587299867784336,0
0.5044406989316345,0.27511916427578287,0.2891364126069792,0.19573461992665497,0.8266934551467855,0
0.016664988208719755,0.2681746195933229,0.5981513344809839,0.9126698161990836,0.40697272767989423,0
0.8542134608368105,0.1365181024434009,0.6403836341296875,0.5594283012499428,0.2546420797745228,1
0.151122459593523,0.5994510826844409,0.1515298999375737,0.9333134835452905,0.9632107143715929,0
0.20665983097357443,0.5546750666287973,0.4304264230359657,0.5546674187826544,0.07186549742771098,0
0.4768529195035628,0.14510955638183176,0.5268505154838894,0.9591164958075595,0.16944094543463029,0
0.2178482830902222,0.16356045791054108,0.3762052641467174,0.12174874496926646,0.2536482235090568,0
0.29328551477286524,0.08942842446584731,0.10386607100046819,0.00616516391147115,0.7672964920077833,0
0.4049389719104082,0.37782298359389965,0.9222852369955089,0.9964165740020826,0.4934056029527387,1
0.9951340219344573,0.12083482963347514,0.7644814202903735,0.5206575603961605,0.3981056737679587,1
0.8498824640868734,0.44245763041441466,0.6392660771411203,0.2564950002184393,0.7766500911079551,1
0.5817825211237296,0.8244981995005677,0.4869275501257757,0.1144313318395348,0.07617658449701814,1
0.2683896826701281,0.817263599308352,0.41697595196406667,0.8757244986026733,0.6366025461261068,0
0.1049182574965325,0.7285347003477257,0.9517302078064407,0.8280755670349523,0.3729025310470435,1
0.2175310235088762,0.4923025287563051,0.34951146147884404,0.42714672089518646,0.11496945361403432,0
0.7813117856728778,0.12713491784546027,0.2706117402943514,0.8145439635340254,0.5682933708471828,0
0.7524816945854447,0.8494182166066494,0.8675852375064668,0.08785786993679645,0.00993668879713594,1
0.06625573320768063,0.4324844157493135,0.9302164201125845,0.8859290444483071,0.9693089334822418,1
0.8855017807189521,0.8984911375272255,0.5510432483340825,0.22725117987684507,0.5971678823002635,1
0.7050214742415241,0.7172730151214253,0.11014901983334802,0.135292929700207,0.615466449037524,0
0.7733802987518303,0.25327195413227743,0.7223842369511804,0.7625777237268668,0.6323228374110543,1
0.4434517040002869,0.38390776447371255,0.9147079566574084,0.8718249840779424,0.9018148977401022,1
0.14576923772774542,0.20798581000744176,0.4249242645542347,0.5162387635466896,0.999855463657732,0
0.9687549076755728,0.5234632662983033,0.2167068788643648,0.49652563062188204,0.5987093902892293,1
0.705038152715912,0.5811121239015516,0.6054093030627214,0.9357545425481703,0.6922316147866294,1
0.9653893122532324,0.5009281182724634,0.5664882886047226,0.520569669320432,0.18707414584864734,1
0.43218346843233735,0.27425076446190644,0.6143000149414882,0.579491855009627,0.17511934015415875,0
0.9513120318120735,0.6940641024889544,0.9124214278368988,0.20124304976985818,0.0856313906291919,1
0.21685811746192896,0.836250358525317,0.530765696216186,0.9436672971135023,0.46662831092848256,1
0.028756645321215357,0.20607780410102172,0.12553838326954347,0.308942567534763,0.8989585731906345,0
0.9203016192844816,0.06159992837920936,0.40364860224304433,0.722675906474341,0.7390174421997239,1
0.05426519891878945,0.7139253302385389,0.282924082001064,0.110889922252285,0.10631587117109997,0
0.25905295493385494,0.7169012027164081,0.4719250215337343,0.07285634717684919,0.9463374089928891,0
0.6277313636558621,0.5557379611726438,0.7854973533584606,0.9256257718723109,0.14731727816115225,1
0.4711724967059474,0.30998783363063,0.0929305929546147,0.01967480613813588,0.5977231196724978,0
0.00830312488762508,0.6729448230043691,0.3786684318925454,0.01711247883522926,0.8811103832213611,0
0.6149881670779805,0.5481239266288442,0.7716589477287633,0.6682076493874395,0.5147446360814383,1
0.49044774374847144,0.5827866954329242,0.3171094583259184,0.7172990206748995,0.2574347018037011,0
0.023010921343721846,0.7482346617215229,0.5528364332760672,0.33178589841609374,0.3088943409347865,0
0.9665943026092984,0.010614005583171937,0.5224911126776963,0.12856646908072822,0.28248861452947605,1
0.43613809524701186,0.4201867370150545,0.9485390868182049,0.26104095667982985,0.19183522974309453,1
0.07167974039875169,0.05102050496011035,0.35874415537079785,0.6714019876658414,0.35908546561105237,0
0.31139969643814214,0.8083027234787425,0.9110812775976818,0.6804872002037001,0.5527323196257588,1
0.8067276854165604,0.3304184052137048,0.6159724991044383,0.7501737838084054,0.14273745956913964,1
0.16254894375859197,0.8954873902449116,0.6519427022379537,0.19555392225012191,0.6675822401451894,1
0.7358074465061383,0.3898304344549194,0.5671132927051884,0.6681144657076595,0.9177711098255105,1
0.2914122557968154,0.6886456981812362,0.9786883433534566,0.5854462374138928,0.9466333254280479,1
0.05189767599305639,0.8348422801850492,0.6324872614065217,0.6252908697775451,0.2799250120564505,0
0.15087836947372657,0.055413426049218395,0.4756995228239763,0.38865638763592736,0.4483820133564058,0
0.19115881375880694,0.22698389155656307,0.1948474300050308,0.10552097994180398,0.9172909489438109,0
0.6782315852334798,0.6817906700956773,0.7830374788343553,0.7836110647833279,0.9703947562076752,1
0.2103010588452714,0.13256691022452793,0.7224176050378652,0.42801850004610054,0.3483411027674278,0
0.14896077007924535,0.5033130701961939,0.5224084087593042,0.7617404775190053,0.7662925469981133,0
0.5905347218972934,0.4280149564287664,0.7929802640319156,0.5098736870031388,0.5919263797110901,1
0.9865445662204478,0.41344064982156603,0.35594346914399055,0.38858250167758246,0.8241754544527543,1
0.9538388311734043,0.10628788103425468,0.3301990874915366,0.26570103045192284,0.785471552466292,0
0.8430498651762383,0.11529909182025422,0.9453167229116313,0.11620516294636751,0.2182437589900803,1
0.4030829304564413,0.24925985666598405,0.49030218023535677,0.21390473828192957,0.5079332222864946,0
0.0421929679383527,0.21041217780197652,0.5876274063573456,0.19309897038408552,0.47946667618941796,0
0.4407370058063028,0.22278368809471194,0.9088714598600028,0.3793911198123543,0.023481289222686774,1
0.7763520106369812,0.5788033001961378,0.6488813485097907,0.7227437538820839,0.8696919934326341,1
0.04487386168335494,0.7048719949555673,0.3722619820256202,0.21785853513796571,0.40244566140011484,0
0.6195930061539991,0.15968575547217778,0.630164153487183,0.17235314244784317,0.7028014572421168,1
0.7533531530525941,0.7700017319063072,0.6472333313846992,0.5826522113876164,0.9691130827370606,1
0.6224944074739694,0.5536634467645958,0.44551817388752724,0.7061078473961738,0.36901672482695747,1
0.5877255475787576,0.9879211733320741,0.10131478985554576,0.9516830092863967,0.9565195349282766,1
0.8123622164320489,0.03118769123638243,0.046214433124528886,0.018920521549497082,0.17693833242628376,0
0.49406571412583045,0.7292896105180275,0.533681355456575,0.23193318771080518,0.26942267546883236,1
0.01961036582258857,0.3904015436880619,0.20024201650834517,0.6996604581855012,0.41303104159202586,0
0.22637859482036704,0.682887122465615,0.8925538655387136,0.22557808284748815,0.0583884095152577,1
0.17796860722886998,0.4919608795493733,0.7551350505030967,0.8276324193894627,0.5043084438589639,1
0.15128674002210407,0.38508301431794567,0.40160035054814935,0.009602522394068558,0.4877894366528346,0
0.7397729135890114,0.1478102179133819,0.5594809469331886,0.3338644648455781,0.7001431209393817,1
0.3879891170829689,0.5805413039435467,0.33309337044421905,0.5085200357050791,0.8443488077348942,0
0.46526385580704654,0.1911437274168356,0.9703206290590185,0.1072329641978842,0.8451606052058319,1
0.6963469688474332,0.5842731755171015,0.04160517391617968,0.28333871874716954,0.3186389522892098,0
0.05838917547943001,0.4983736741218613,0.15393878038973885,0.8179865191709407,0.36674603353777446,0
0.4150660264236299,0.5903314883109916,0.5834727744264332,0.4454587862588212,0.08394372165691832,1
0.36733910207101195,0.43936796558693203,0.029947408950901977,0.6179924484853747,0.8116851864955775,0
0.6660156393202775,0.15289379208005116,0.7926575125075297,0.10087280639788654,0.5348624629532881,1
0.572339374096975,0.43392593250192624,0.6383749660584479,0.9340803599257319,0.7815129808432231,1
0.49575384302006276,0.6931453921848567,0.8596508620478912,0.5425157218365424,0.3339729259454258,1
0.7383278647407338,0.7557222557335894,0.6013825992695222,0.9875033681913616,0.4481208187954636,1
0.5127254418475552,0.127146539039253,0.5786370964728239,0.7114175713929903,0.40709992830384334,0
0.45063398208915506,0.14951439514051068,0.020869433612855426,0.4697295933156138,0.4757639044080264,0
0.9960601541796658,0.28118851386883725,0.6033265569469267,0.9137348703621242,0.2584763686038477,1
0.22756309159496113,0.9016470274803804,0.3414591315141634,0.21190541262091733,0.3325610275349422,0
0.723345855187278,0.6669261720046198,0.7740724916904816,0.35907437491989336,0.41650756050152293,1
0.46613325139924633,0.7668013899716872,0.5660008975660578,0.3817965172694606,0.21680859074505265,1
0.8669400267802576,0.8984449193293387,0.988164197096863,0.9972323254762312,0.46829735828870866,1
0.81520827356201,0.22646842684150337,0.19154212950026006,0.9783845085616665,0.4645018645602039,0
0.13079967723915054,0.7852436745669229,0.41406473154625767,0.06469585869028005,0.9510168705557672,0
0.021367608543975902,0.3618665439628901,0.16066310593727795,0.01620755188328782,0.6829735900407665,0
0.23465968935552983,0.48866842593350257,0.4236279952732187,0.7931593129536155,0.4177644143403668,0
0.554737614339111,0.5120968530509663,0.055091193341919364,0.16143781753076947,0.7181672929552485,0
0.07728472784706164,0.13717205166523505,0.2761892468615762,0.6606787253314937,0.3453460784260579,0
0.31269292408272165,0.04951980852298976,0.3181940176392467,0.8849982018554294,0.017028599677340273,0
0.9509774719294217,0.0932735739702154,0.5460811492464752,0.7860060014642369,0.9415804780464396,1
0.32055270859301355,0.8996896069229202,0.2667984332912964,0.5048929095869994,0.36212495492777086,0
0.04681930540638779,0.9679404119593152,0.18731851511452868,0.706166544614873,0.19444168334937684,0
0.12434316484843455,0.8868258173533258,0.8449886330456488,0.8833899796273991,0.3852555824078382,1
0.21689137413744608,0.2988965279747269,0.44485956579025265,0.16404442888172965,0.730341565014616,0
0.05978586604575975,0.30930690858250887,0.7042670717401585,0.7867260641239527,0.21830610486493296,0
0.4465385513507052,0.6685843845183375,0.48589627751490516,0.47318728207826033,0.10060516485628868,0
0.2884943227431177,0.917302906864096,0.48784650067891955,0.784262995351259,0.02646695900189766,1
0.45957518038834144,0.3916574100916902,0.06533502457973484,0.8355582612989831,0.43202042313184774,0
0.970041341304918,0.7142031570051434,0.9291463485140158,0.6232783443063598,0.4167423934793839,1
0.03437064951101665,0.4529494591794794,0.25863768308444623,0.7855041336659807,0.09429659014394387,0
0.845257854969278,0.6438988852650729,0.7536715451184757,0.6107834503938816,0.7452949308037076,1
0.6932764697541217,0.10348251523074048,0.030300693409291424,0.4722195350738324,0.5173367201889152,0
0.7389213729637051,0.5789130387946743,0.2143767830553065,0.9128630868000743,0.5679122386423503,0
0.11628977867342494,0.5541687824606424,0.9926499316393845,0.06745238642799167,0.38117045433821173,1
0.710930797760881,0.5047630701097667,0.5141668682671579,0.24279739167072,0.21438041775486172,1
0.6890868194415409,0.7790364364368811,0.6136578458177938,0.2634021270731588,0.2272484435826191,1
0.07398607161338444,0.752585010723447,0.2105134436938335,0.6185828871876241,0.2777877255618778,0
0.7252163523858297,0.785615887614907,0.545954778764057,0.9101485964579593,0.6829143279569648,1
0.04451758706219233,0.5961846578146979,0.8580864803824017,0.5692889991838922,0.6116870111489806,1
0.10369485104895892,0.06917382898891034,0.7533141689328886,0.7614105132561437,0.726397689164856,0
0.7623043549284904,0.7356804342356292,0.6538812671670625,0.39464616405262076,0.5211910005976316,1
0.7514729567156145,0.9661401650513234,0.3304424405173406,0.5922781288634585,0.054975667693846875,1
0.5203643545409428,0.6058385898753734,0.5156902297794707,0.32733571167271613,0.29538883153236983,1
0.2960743940518903,0.43239793265965687,0.6527454712314777,0.23227773609633962,0.9972252881567469,0
0.3661047469961449,0.7610049192796763,0.875859304845213,0.40624564417691256,0.4785527087335607,1
0.9912615533798305,0.7208111793459308,0.3760849317180761,0.805300889690257,0.44720275927836894,1
0.696210184812905,0.4191404011021388,0.6561323385648217,0.4150207719703898,0.82516605153852,1
0.9458636829038831,0.969522365908581,0.8385317285450881,0.6779852739224503,0.7051469307429701,1
0.5355100308358055,0.3806896237023094,0.5555688104911787,0.40744754718691845,0.31631559082208927,0
0.9006309825808412,0.467263958077452,0.8983730746857925,0.18387321427127745,0.630439912809777,1
0.8515074936339357,0.0157839768946888,0.7324915383614289,0.5102407079987876,0.6979762590025298,1
0.13339734243765722,0.3906412973116876,0.08492296402116029,0.9068899228985079,0.07039406987665742,0
0.26347531576653993,0.15197508200807297,0.7296879564885151,0.904490111194175,0.5063332718256209,0
0.7500066051087945,0.9988533178967901,0.385635728585504,0.8348827790512328,0.6057642209036165,1
0.10939912141760122,0.27887962897805363,0.8432356309899973,0.4229479510708051,0.9447797477373359,0
0.5625627966444177,0.8169099226980067,0.05460676940472531,0.374224594924344,0.8400572235317416,0
0.6740418557210166,0.5219857662052996,0.7440426318539577,0.16877328697262262,0.0731599918320478,1
0.4409563615954717,0.736778647078035,0.21268702380722504,0.4345657176721768,0.31310894906606856,0
0.03668742639590605,0.49203616396412475,0.6592710721034907,0.3594553492299022,0.7281725269987752,0
0.013502019363745399,0.10389941992209684,0.522613412816617,0.21897049815316083,0.10576583501889492,0
0.6424778954155614,0.20721983766884022,0.17223082734724948,0.288322483758472,0.36381191907835975,0
0.7170946497219798,0.6497676260122636,0.304748992454859,0.724214521253998,0.9821579341349364,1
0.7978159291163324,0.23891937682265152,0.37056829510453126,0.4554187875609623,0.9525934717585665,1
0.7861623415136302,0.6230777638556256,0.8089142230632764,0.6051159754518274,0.12255435184926577,1
0.82119147780792,0.26825606081677966,0.6762381813988281,0.22272186342823286,0.9044965561258713,1
0.6275549466402934,0.6617452768313593,0.4467941381119517,0.15757980791465298,0.7645684115559418,1
0.5112616213665563,0.45404499756768224,0.9433818028849075,0.5472556840969311,0.7444490634654514,1
0.4688594177986227,0.8558017922563248,0.07841145259041671,0.628721144640541,0.6060794203998324,0
0.7776223926749035,0.40391158115311865,0.5101596663908221,0.11703405068824724,0.6754004427571229,1
0.7074558712135963,0.1299900105162315,0.4682704362017569,0.6867801766048188,0.6003445502696402,0
0.28504235010354373,0.5818558757659967,0.5407025411823392,0.7860456077635463,0.6114259683439525,0
0.22765765707494356,0.7563711426027458,0.45142520885304027,0.2099075695887308,0.019015583844666728,0
0.949039365026729,0.22504195553431705,0.6823588075615966,0.9253868757978789,0.2717898744345886,1
0.3823775712862225,0.7716162971291508,0.1419936070762038,0.864056400692912,0.24864489791693312,0
0.15599529689828362,0.18754257455850254,0.06477185566848309,0.15336480540920128,0.41668299734006164,0
0.9979109417817769,0.5748319487457387,0.10538248325005817,0.3996889348483025,0.19632052730096106,0
0.7634370577250438,0.15322420280282634,0.5408947904741374,0.6202141067011061,0.8099773592050842,1
0.7426064075000091,0.32688920819537937,0.18638256921751384,0.6787597872032561,0.2576116127461847,0
0.7741602156303818,0.4217355393420553,0.9820313369113108,0.8056276227759708,0.9327463268755023,1
0.3308734714367697,0.3727009529802473,0.49008133225686723,0.17475611059240315,0.009299851376248558,0
0.27683857483661745,0.33148626726212427,0.42404897100687156,0.2881383500419318,0.564563662925231,0
0.06469114825639966,0.1660490425424468,0.07800092052476948,0.2756169006760817,0.9544504468981321,0
0.2806181258012188,0.9057267200799588,0.13430311817250928,0.5316808331503307,0.9946338460297702,0
0.9187757763272849,0.1552417660022989,0.09528791314650231,0.8128348966951519,0.3467387554711888,0
0.64984836851539,0.3977744021045848,0.08583642492351273,0.3436544439245137,0.7077442506286215,0
0.05898043693440602,0.16159364740206783,0.9144823282111803,0.19569087875076474,0.5264012244569275,0
0.13625273234949542,0.8127783739177621,0.8354621021628018,0.1320372390202561,0.6639487833668454,1
0.17906463269970696,0.293782965132663,0.005087383812220847,0.1634472626348984,0.6397613168311562,0
0.6358917347653972,0.8148263391692606,0.05037350430776788,0.6417561002235123,0.18944934671829483,0
0.9689217855339196,0.13987851946636443,0.9222503055767186,0.7518017636788782,0.6242600671020516,1
0.2496054820426965,0.9228674234250569,0.35886627789391345,0.98773843347995,0.43122711213369,0
0.8341463806965844,0.6377354708609984,0.7830569323588337,0.9162766768324528,0.9300292096682691,1
0.5690455446608069,0.2003451455646036,0.8948951745485616,0.979822644867439,0.8289008331376712,1
0.7832449286149872,0.7978501887968893,0.7718294343667946,0.7020968185229214,0.5492402010655206,1
0.7386844845754684,0.7765538356633575,0.7332625466568701,0.2002370998413211,0.12874405418001345,1
0.664645936577985,0.5639148614104903,0.9079360914159029,0.927892891824262,0.9494155755753061,1
0.57243139208285,0.5132948867271776,0.39400313108426543,0.5252421072196501,0.8234112470092184,0
0.8896099194683348,0.21964489713204216,0.6018221032319931,0.12261748958657548,0.6122504762746813,1
0.840204340912901,0.2541292193684921,0.39712793807337055,0.7496811367862389,0.2811485999215412,1
0.6852964758126083,0.6891760528507251,0.044078786109793766,0.714086116571832,0.6427539108101398,0
0.550836276931997,0.47917871008764523,0.9536519188662973,0.9835443255049388,0.7194029900098659,1
0.02960412030395987,0.9835575261316067,0.656899686845341,0.0987283361580018,0.8145326508711699,1
0.10430209042985394,0.11933508981005947,0.4658806571423605,0.4502052457239041,0.324465484905626,0
0.5333305725134874,0.44336503037991826,0.9939815972680872,0.6946479490942218,0.48659293605516296,1
0.8755974160391309,0.08272901545300271,0.9549411926064739,0.25195658239079843,0.35860380667825265,1
0.5217968606590141,0.1051218386842444,0.6398269794017856,0.70544260830368,0.38311143924477564,0
0.02024284913139629,0.8961193013261614,0.8271130470735601,0.3393066908663225,0.7384297096520224,1
0.655278022299938,0.3553610821924158,0.4517593736989184,0.4633747706505774,0.8201560014433188,1
0.6419157505287958,0.5762342788405861,0.5046049744381637,0.017384397035418386,0.11524183853486547,1
0.22554955656535924,0.5207714115084994,0.025094458099719108,0.5349191726508215,0.9419681749408635,0
0.9049786684626637,0.7775097634664153,0.45799993226116953,0.1394303624657688,0.17867581250518616,1
0.040187590462855804,0.2516423152457453,0.8632344025664671,0.09883307709351519,0.9195548559297793,0
0.13824382411767833,0.8300004342027433,0.6003502383691104,0.8733998766639015,0.2955537350285894,1
0.9752449306865737,0.760711217936175,0.16206868679700392,0.7490469184876917,0.4124161397400441,1
0.8627757181816438,0.7546148043697389,0.1016772308244227,0.37910879109012663,0.9656400101776433,1
0.9814495187793659,0.09962779350411577,0.7848539348520581,0.27833204469092,0.8684889995261016,1
0.23498036272899814,0.37846874113029993,0.7261358850616304,0.4528951656556327,0.622817358459417,0
0.4899513696500205,0.4594539831442801,0.2993673592697975,0.6946907571619367,0.20964574984085427,0
0.41108045182575226,0.6015951211367769,0.7853527665027652,0.7340929128148401,0.07931187199933487,1
0.9065399922238769,0.9196247426556251,0.05729281382406215,0.980963951627622,0.25140380405571694,1
0.06904715375766024,0.8659110967319035,0.16112858425200616,0.9841121963945525,0.9865282336794071,0
0.8277104108330516,0.5801323571740103,0.8521924630873199,0.22212994826836274,0.4682629975771334,1
0.4728021755921721,0.3301571108380287,0.32967180736849167,0.25257776622787953,0.30144970984376585,0
0.3564448374615091,0.37544202746215183,0.03600974600280049,0.7325560387059975,0.6335878435606973,0
0.9740260978783767,0.4576933691751147,0.19574840330779453,0.5547034319257741,0.3516720814371166,1
0.3130515146941971,0.11224797157344635,0.7605624373527027,0.38393154340978186,0.8833817001715706,0
0.7688551697124478,0.058578480790698495,0.08117170724793843,0.5358226053655648,0.9226586592294935,0
0.587887825168178,0.7400088411955767,0.9626575856370988,0.38729785582719645,0.07564585359226694,1
0.5875571494837626,0.24081768897794575,0.637221618001062,0.6388784913934664,0.10307726474104817,1
0.5572498725125817,0.7455432391358061,0.6344870470555909,0.14238684910663113,0.9187198892736682,1
0.6951313243289159,0.6521325247960156,0.675386164248594,0.6440310183359803,0.1636939275325594,1
0.3091422342561455,0.8864996792242076,0.21215868099296253,0.761757545952768,0.8243695352761125,0
0.46241023567203554,0.19078890698875328,0.9004239957143502,0.7659188576119088,0.41177221705559874,1
0.9954169559890015,0.15083367261481184,0.3011026963970853,0.47295091924777133,0.3418349560500411,0
0.8248330983745644,0.4646777207684738,0.8140610083126388,0.8630150104517565,0.05161590886657441,1
0.343108467843687,0.4043650146244282,0.15011316588911405,0.7762525343975485,0.3949122706300222,0
0.21521094360159465,0.7104511991491758,0.8105852673011538,0.9358928438351517,0.8290864986786673,1
0.4578448485255776,0.28322728770908456,0.3647795627826492,0.04311061614571554,0.31525430998387993,0
0.2767832452830723,0.6685206269016392,0.07689163672996935,0.2524654276355003,0.48993934380884085,0
0.36762472743483243,0.3679647722402677,0.8802893799693868,0.9549222798987402,0.8142832728721665,1
0.27585261813846207,0.5813020121175754,0.5793322948770692,0.2413194574936618,0.95397268117569,0
0.9057494840149548,0.21379378042347585,0.8153905817189399,0.7922497839989959,0.1379069765570229,1
0.9211046331929184,0.26700859679560096,0.43622902707344136,0.7962186055809954,0.9177721621340932,1
0.8458094843083401,0.2522929448554656,0.9859627458893324,0.24575606962163077,0.9705578486919538,1
0.1987204857692635,0.36543134365803276,0.5085112131252649,0.5107635135273859,0.9075900731424137,0
0.36318637357871564,0.6777290108532166,0.16522105091411965,0.9239241753639342,0.17495436005365983,0
0.8461465817893971,0.6901787470221199,0.9891387191288096,0.16525111041484064,0.349486963123687,1
0.716731777594162,0.34922303308446667,0.002294086494828651,0.9391801539187982,0.0960148220080097,0
0.863789794754419,0.12945686946255297,0.8940578010437386,0.027947046155718636,0.09248446949150047,1
0.7244119035026387,0.7201816768826445,0.9573174738260313,0.07517925962118854,0.9769898353095846,1
0.01600403344553203,0.4842432145064609,0.6612848005464816,0.24763475668696888,0.4981859087835465,0
0.2844651260685417,0.4206440170900301,0.425264051151772,0.7994147054596616,0.6648653249242085,0
0.7121931895364526,0.16522687695811866,0.503886121500827,0.18621927317494802,0.05517589375279086,0
0.7275008899242463,0.9559994520946218,0.8651304727066125,0.01873501385265819,0.22186912587363405,1
0.353074686531768,0.31919529157992954,0.30597628964078205,0.9465824122805389,0.0954548906197834,0
0.9650384169640135,0.08071431293894471,0.9022636481086388,0.6408852012140026,0.7170512438869032,1
0.013009352291461718,0.6051079855762521,0.7170640677579222,0.35275380767721487,0.5830541342737476,0
0.21337911581918778,0.07538006211944448,0.10864646561053481,0.8407437102004676,0.016611294872115212,0
0.9960964818350635,0.5258786276096498,0.5280174357485703,0.6584788308911707,0.7550846822703556,1
0.3352496598116902,0.9307788952678119,0.9234006087932805,0.6704796009760632,0.22178961151462107,1
0.6034325926423836,0.6493363971061004,0.7183937178381422,0.6217521201919451,0.2251261517063562,1
0.12927799533030837,0.2627940574966423,0.27193819065133096,0.7340357691194452,0.8642822365648086,0
0.8560821565154836,0.7413059375911917,0.3704472870643316,0.4102776753608923,0.7496847147938619,1
0.9157240372565937,0.11811793519287028,0.4124853588649331,0.4698327147726855,0.35456264504148605,1
0.23489958413742507,0.715416976978055,0.829972302664582,0.35606383842959044,0.40862050895146895,1
0.23860845625222005,0.005604267661034834,0.8533905490488836,0.4397129439478136,0.2974032164860807,0
0.6335850539422654,0.2772576337974577,0.9237088226577487,0.39997133895753867,0.10501477657452718,1
0.6955218299847347,0.20957594242461808,0.1318228342040747,0.6383694118508917,0.3255003028704898,0
0.3313671715687192,0.9138583494297372,0.6676833670706958,0.05677638518248762,0.908120659150304,1
0.19678855767968118,0.9924580821651109,0.39300458228956503,0.7853755688070171,0.6251980684328587,0
0.10540293334708761,0.22379578102625053,0.5546944690603812,0.3895899381310236,0.2633344734402403,0
0.05784767485281728,0.5925940806911397,0.31127696106759817,0.813802063408897,0.8619599665911573,0
0.9651250124883161,0.3313465160256075,0.7100562186254412,0.589992303124232,0.6891835772460385,1
0.8029970373699765,0.8514392995111139,0.33170007223217457,0.42183488999076546,0.8933299222888605,1
0.8197161782804772,0.9905509241086281,0.7008750192357761,0.09607331600542457,0.9720647749397088,1
0.9439031870902076,0.10090445917409552,0.5840725813102455,0.13879040029351675,0.06709182855939033,1
0.8564692415483534,0.472960211866838,0.42050110329547474,0.18186958765158268,0.6534578354823792,1
0.30041632683113706,0.4337072424071896,0.5733906257998524,0.5775778033302533,0.6288538326823958,0
0.26964829697709136,0.010689367602195188,0.400449557450514,0.4652546039165443,0.8819630372392879,0
0.18765779840521324,0.22717258721973144,0.9466375931372094,0.7040469758656093,0.5157216670521917,1
0.1139187926708467,0.8277979745318013,0.37984259397237596,0.5676857762331837,0.19153584138647883,0
0.5359123393995366,0.17713727965904835,0.5834468634743937,0.26930431407463795,0.25099951503926166,0
0.22923499709184447,0.4228022243462104,0.6686375637570925,0.08337425013556232,0.405474361650205,0
0.8655865492963818,0.8421619764803462,0.6214608650400189,0.7772607963168534,0.1223698199261628,1
0.014358138796686237,0.1549908608678745,0.8228623831114151,0.20204446985878033,0.2434665595242297,0
0.5699900583357552,0.3851136285768276,0.8935013835046391,0.3809313061527345,0.9524860151003922,1
0.8157648839852554,0.22403173164957968,0.9414223169570356,0.6154166056498305,0.9714678424454871,1
0.19491837856330096,0.7862194653896564,0.8927539633957404,0.7285597994923082,0.35757061034255266,1
0.6881010668936601,0.4735037539005452,0.9297263787129937,0.8876841293082064,0.19369320217756136,1
0.1741506966596469,0.38017678231193264,0.49007158562881825,0.9221469076850828,0.7074894903365022,0
0.48642053804779106,0.5368006166718431,0.929451906021115,0.0410010673856781,0.44825936205512285,1
0.8804209139507948,0.9946571345162647,0.7926981188707748,0.5313264138754502,0.19887811224537522,1
0.1681138051105444,0.12323084488143843,0.7978848689454748,0.8716398386237272,0.6270233907505499,0
0.8429633910961213,0.7746076706881403,0.06790915802253639,0.07158509973298866,0.980055885382896,0
0.17106214473069048,0.8920722826929622,0.08843480035516926,0.06351657434735514,0.3278809503400667,0
0.7470781481253607,0.525432701205964,0.35517979748066486,0.09926172428763402,0.5949414393924399,1
0.9509260578309711,0.33993736206607716,0.06741682283521955,0.10381842854082812,0.8982843491766296,0
0.48132434311585737,0.6628342912689466,0.05490007407831743,0.9978772249753882,0.9175547517341505,0
0.36217093394805877,0.048457149030045166,0.4126551666436412,0.5675836692987007,0.24967841619516606,0
0.32522192420484763,0.8149630918487255,0.6280072157797544,0.656619801131784,0.35590238200337065,1
0.9332605150212141,0.9149667232228335,0.1507062107392284,0.40908146700549286,0.4897313284462822,1
0.6999938222376147,0.436673492640432,0.7802711619818384,0.581123383847585,0.7984975725330445,1
0.8626112260340366,0.0445663606126423,0.5598422312313402,0.6688831861698008,0.3654621568916506,1
0.9363240728889998,0.6653664345201176,0.07674468770434628,0.9131963212801816,0.8525269263658626,1
0.009560366975434609,0.9278696544242157,0.8368813248710664,0.27185160236821526,0.7552706552213544,1
0.1234654659721105,0.47077506710643635,0.8510640986236738,0.05004789948189825,0.6738346765416403,1
0.6386190240598612,0.31821390518157255,0.5308623059790446,0.9233200253139796,0.7371056995991404,1
0.225399415796663,0.8643778821781999,0.8917960641646727,0.39622459041238667,0.11931263670078118,1
0.5693119525812683,0.5424941330549569,0.8477672868468338,0.6321755794705086,0.38264579321700287,1
0.2985338481668063,0.17143233541845715,0.9349920969803766,0.5704353111621153,0.04762560599733323,1
0.973887773944958,0.7572989213405955,0.8390808346849539,0.10410107102761346,0.5370002962908152,1
0.3487734337188402,0.6796218692760227,0.34518636341621645,0.023532953935266665,0.5600158162618438,0
0.9315245370467077,0.00740088349792678,0.9127142444559674,0.3343809388746307,0.6778504204041473,1
0.5989252273782939,0.334589503088337,0.6688493171993527,0.4466040246906938,0.21200501327623744,1
0.4837957611517103,0.7303889322918843,0.40234829989324505,0.2441987211663006,0.7783865506880279,1
0.6753875576063305,0.8707069938287809,0.2518595436740154,0.7393402951942663,0.566442482429618,1
0.1674950924357681,0.01790885470134196,0.029038397547007877,0.7832341343466861,0.0669048067919713,0
0.2825625787951117,0.26909889121964803,0.35274430826404857,0.9087277319451131,0.6994227500768513,0
0.6181603318847574,0.6923627200955843,0.901935183254371,0.5430054514749452,0.7037760420262328,1
0.1452763941902715,0.2821595389208431,0.062401807519750885,0.6079860928867181,0.3863996381800786,0
0.6627489172053915,0.5905981308238522,0.3352149009056322,0.3583525162224167,0.8956223251476482,1
0.6613194760409982,0.11568272406195934,0.5062806405372391,0.13713393869242607,0.20526305738785144,0
0.7983892697861149,0.1255348049536149,0.8216654022386775,0.6961893491015668,0.6275229646598997,1
0.746939105140141,0.805122632694229,0.894108136355715,0.6456121601193034,0.06686644845580403,1
0.8183428785505393,0.7412150264491207,0.7606324249349595,0.1787691908007516,0.883886136552658,1
0.4236858295647695,0.02667622687205795,0.962418580583745,0.06843113610037022,0.020023673850143697,1
0.9140548705920508,0.3272127290506325,0.03705487156517484,0.4479010814532508,0.38990543959391033,0
0.2779663997582057,0.997582361894905,0.7343833033803583,0.49348631766392537,0.583028768133047,1
0.19161957962892084,0.09737590814629471,0.051490006009231815,0.719211556537418,0.2992401965785564,0
0.5776996366355213,0.24897977267128568,0.2405424079094286,0.09092232082872898,0.5283704795054391,0
0.5846431517297075,0.19508335327504078,0.4751674505440765,0.7078365653761641,0.04389795786475015,0
0.37447541758720226,0.049436054832670995,0.2972776004419062,0.7222673920012117,0.7351111123363487,0
0.35204935777204527,0.05280471167710932,0.05955550432323575,0.26926312800172914,0.6805236603772424,0
0.8993383399780962,0.9712603419984134,0.8867939887048192,0.20259726021315339,0.9336930333144197,1
0.05329586252274077,0.9923139193439237,0.15018557649191477,0.6596195873115942,0.6643768289638385,0
0.01645875311533318,0.736681312023387,0.7159709031269843,0.984949572604704,0.20612803589651008,0
0.5084818303915921,0.3587566873333723,0.5422311535667097,0.6329412560180738,0.34978962118553536,0
0.08277633306271359,0.935455737665023,0.948585452423375,0.8427972129137605,0.8003359610014931,1
0.06752587017516265,0.7812186741852145,0.9618297570438019,0.1010003545628243,0.13869766003712525,1
0.7577543735508754,0.5093593629001198,0.6101309189560553,0.21449913048843494,0.7908343563565353,1
0.9734333641954508,0.8358056499916215,0.15220606968483552,0.5534049393624646,0.11511025359636984,1
0.6004878871559616,0.15151360497143473,0.09408767282762986,0.4230679578339541,0.952048185288048,0
0.8675607904661174,0.358846416205714,0.5741485070770056,0.25843170772373947,0.7906272112023115,1
0.5796707838610132,0.6906339229555805,0.692488373520206,0.621899394180763,0.9400765218704622,1
0.21781087603470128,0.05223342594990277,0.7724896075801445,0.2899324987984948,0.4533226887716387,0
0.39483080357246503,0.46168572516357775,0.6472160476668384,0.75752252624187,0.918684912473427,1
0.024117731247517482,0.7194481950850811,0.7555291427773109,0.7502369330320695,0.5939033384669798,1
0.5351347367193529,0.24955382508206925,0.721190387272598,0.13950510310508157,0.38369017532510674,1
0.9443405197473231,0.17415656739956453,0.7257096929498271,0.6942727464879256,0.2980203128811155,1
0.789975553723697,0.5560224107590571,0.6545828198061971,0.04552302434110811,0.6777970361337408,1
0.8344380655358901,0.008382735477042047,0.1603838502872531,0.38901615367093645,0.33311950342158936,0
0.9801813331622015,0.2801808470520174,0.5928287174179805,0.22072246380195948,0.3421171695587282,1
0.9485253095971198,0.8747406544864624,0.7754990382663675,0.4719194861299313,0.5581733040029324,1
0.6374536979967711,0.6318601330698413,0.8061662068677375,0.1429314488890211,0.09460635497512981,1
0.6378161107123986,0.7342295850648694,0.13922707264651868,0.6543584515783872,0.6303246411833138,0
0.5720418714478613,0.21762808946458612,0.6267638741497592,0.8969679846910767,0.37741922943089745,1
0.35769047293913814,0.21536335952348074,0.6962426983457118,0.41474776676636327,0.9499808870181682,0
0.6716108075597575,0.6581305599088106,0.36102244440199316,0.4757559548510115,0.3543058488356776,1
0.023772970038242414,0.32435061136996324,0.7978438457721978,0.5147717815673615,0.1894080403463443,0
0.7456631865400145,0.19545876457907274,0.06309435172147848,0.18964559167037331,0.5120804431558765,0
0.4861411011339728,0.40336200096907937,0.07669810535768196,0.9109795122093087,0.8094854758884502,0
0.840306494687798,0.78970530057188,0.2768166989465576,0.07585116764658573,0.7327893271326945,1
0.6226699841747396,0.12662106939164575,0.2352209484461415,0.4232389407145263,0.41645306626315093,0
0.7147475252718491,0.42605235320083823,0.42584328432392615,0.5253693096837675,0.39802056351544,1
0.029303508538237932,0.592537381900037,0.4438356377307491,0.12381909477688835,0.3146249910343971,0
0.2824033034118849,0.05245696947191858,0.7105186657062246,0.7516250387103147,0.3228213463111739,0
0.1460177937903473,0.3247769339142518,0.23078915681214907,0.07751983838456711,0.9687220740994408,0
0.0890125907716709,0.0945242661749437,0.5946803715001587,0.5899210567871409,0.981554072982217,0
0.32727523871594966,0.21577930653576283,0.860000197501263,0.6400087090860057,0.19386074732036107,1
0.2642327500426772,0.7763153358265825,0.8830077454278465,0.0847718299379212,0.6150083271382537,1
0.11213555252533147,0.8397957591673723,0.9377854516144755,0.26652594043039624,0.2600681798841876,1
0.5062116603727239,0.11627518615878185,0.3976998280543179,0.7704842509947069,0.09415485590946893,0
0.6176165020672386,0.050221591060136905,0.47655572201672636,0.5175676856106112,0.07290189194694163,0
0.67779632540281,0.9774276726713758,0.8969931218878221,0.7062265634615515,0.7280034977452696,1
0.10068730603476406,0.3564245026948417,0.17388015453562955,0.07338048357535742,0.3688307841879582,0
0.26443487639361674,0.31469732405973005,0.6677014608504669,0.47758624132954497,0.6147221276748921,0
0.8204204359194539,0.28304267615550105,0.7438169309969408,0.23238149630909744,0.7823809632408129,1
0.9666432544086732,0.07061447273207422,0.28033040081121197,0.832122708062328,0.622581193250447,0
0.6299713777585653,0.7749347910134239,0.16650336157282586,0.2925445947489844,0.41844123177575154,0
0.04789655679148097,0.9677821773031458,0.9056434766795942,0.05352822913569777,0.735932470383006,1
0.40112324755267836,0.24437685158114564,0.1672790167468421,0.38831212729864306,0.5690356051661903,0
0.00948959659282389,0.30614572971426224,0.5635378576397009,0.8623593209024859,0.7838160510384695,0
0.885745163161165,0.18881917411056592,0.1788811826467377,0.0789412073731407,0.024671722079766534,0
0.11060621075425292,0.4227632587397633,0.35719897375764753,0.03926347851722356,0.14267311439414976,0
0.2529160349864684,0.9317014970023962,0.2825900690129739,0.897653363889787,0.6574230313800458,0
0.7629497239825064,0.9489459956905113,0.9068992027129564,0.9668445420930472,0.23057536630651665,1
0.4627479908954255,0.978615118342957,0.6446781814301991,0.7978460517507254,0.5996747240909917,1
0.03613295935007388,0.44595544205586934,0.16756462485136636,0.8382263383717364,0.6030427869018127,0
0.3643371294608341,0.6294923499877484,0.86651109480127,0.3943598089869227,0.22664132575096663,1
0.8874252004842258,0.8877052267059219,0.21811509468428736,0.3435090310866935,0.9484816385752849,1
0.8414401223760267,0.0441202095082075,0.5878027716210272,0.2962714676446909,0.014816966906977869,1
0.25563815392995004,0.8165478808997606,0.5330844332711956,0.07828646535334582,0.29401045455893526,0
0.4791294494276215,0.8263140096301266,0.15343123142655635,0.42638099595187084,0.021311500237288117,0
0.1547903305685454,0.6464588913719669,0.16918228293024373,0.9564875014805653,0.8199370121325665,0
0.9492446508799374,0.6401208314344692,0.15308774851660933,0.9139801238721321,0.7928200741185505,1
0.38611216985637786,0.9729776065699725,0.6022622116917016,0.08888696234745486,0.18511913860375362,1
0.3526058825468543,0.27499480392660747,0.8741590413923458,0.21260712916453917,0.07671578637052079,1
0.43201085056867816,0.38269190848929047,0.3283646996784294,0.5124519047055177,0.0856255627182827,0
0.02970808549463455,0.4275715404712971,0.6746897542410312,0.8351275563381553,0.8189712993369554,0
0.25546773120924593,0.4770318607279833,0.29021944307048875,0.14727340287848978,0.9654484298259155,0
0.4324890400927188,0.17311333570619702,0.9737468906568901,0.7513765528435602,0.7082097027430836,1
0.9425508249010006,0.912433523115179,0.5490404104650071,0.18590720493880108,0.9404740141216724,1
0.817820491841464,0.3889595723503785,0.8965503010736489,0.9939428656591605,0.20799022173512205,1
0.579154461665531,0.23064766242141965,0.6135643763503928,0.16609132393691006,0.5958077559927151,1
0.4689718902062918,0.6829108835401217,0.94954102681571,0.4551308597650674,0.5700488431738338,1
0.6467589915621645,0.1855723911423922,0.42146208181080813,0.4862648112779976,0.034893185217608313,0
0.028944772659975304,0.3631821247794704,0.4342079256712513,0.6761694127850711,0.8808807216903772,0
0.657415927215408,0.36422670084349607,0.5690734386509237,0.6112022998033044,0.6010114198908227,1
0.23095187762821523,0.9467875245717171,0.2693321498974848,0.7361538811001966,0.7361507914657806,0
0.5479892656724934,0.08190864096701955,0.6079175623710562,0.7553173201773868,0.16738222814424308,0
0.5878579306534346,0.3741095405586041,0.018219197942413667,0.9142166849038658,0.9689453871578848,0
0.14529470776219644,0.9420771060746372,0.19370991779917246,0.018921273830888374,0.3026521255306628,0
0.8528186262720286,0.020591552243694022,0.023535053648858884,0.04026394408308731,0.27577203397434136,0
0.10169332981578394,0.05262393095432172,0.08235388006713962,0.6334724109580738,0.17853575808156463,0
0.05509405814095092,0.4146496943998098,0.5209903817488712,0.9691855403495717,0.6261121822474045,0
0.2337252876986955,0.3529445261476968,0.4442861788075877,0.1325025272066659,0.8311855746595477,0
0.12888111318978168,0.7290719958870664,0.735624940198555,0.33936494917333837,0.9749501841068892,1
0.7194157348578338,0.37490690142816807,0.6277872928946302,0.2927453819059116,0.8271992144521184,1
0.522267176323093,0.36161762358328564,0.40095642418555577,0.5136613698884063,0.4877947242797095,0
0.06712103466233843,0.8385707784801206,0.3603920285356831,0.9967150398634365,0.033693011684643226,0
0.6835585871003872,0.12470977859603438,0.2786270093459815,0.2559767010863887,0.6902007126455046,0
0.767371780594822,0.4396345111730797,0.7763092210684198,0.6541340173988212,0.9179365059090746,1
0.9198724447055838,0.2976237616373879,0.3400561124461595,0.506659096467878,0.9241369700291742,1
0.4709123325157917,0.04544236158232495,0.21218978018395984,0.9700021773722142,0.1599878043547368,0
0.15943776342827776,0.860542826616254,0.022261497758505056,0.7369578991833303,0.8252722556770272,0
0.04845400771747921,0.8694823137823117,0.7361549899757549,0.3175813474588238,0.6375932870140159,1
0.9301143605105616,0.4945954371556972,0.9260451638835396,0.7278236432488377,0.03848658827160334,1
0.09720249030326122,0.019247588485664324,0.886863924747257,0.005986494401394982,0.4988440516770857,0
0.10987264219337711,0.7622836607567948,0.6470811787968018,0.7473294479446037,0.07255333542605191,0
0.3847392040014793,0.13295953035860453,0.5891758175541729,0.791643926283393,0.6424116959740128,0
0.40796267581110734,0.9657790065941202,0.6938954865962835,0.22531697719771415,0.9743209411851216,1
0.7662378954773601,0.7826951822817573,0.9262334600134216,0.49744543043129785,0.1023434001358261,1
0.5318117839778849,0.6809831206827182,0.6464228286224297,0.610146237276811,0.6507967445658198,1
0.8205615216557044,0.2856320898946175,0.6901681590124757,0.09056413280826969,0.7626309545170525,1
0.3654929943704016,0.9465610597294564,0.2754121245331478,0.12063937786542,0.0007349720714641128,0
0.8668907597807866,0.5476870995857277,0.03658697971318636,0.983891402862143,0.9567612654613427,0
0.9262087169035259,0.06133667620663008,0.7040095755152208,0.2261795922804014,0.5856779504966934,1
0.9336557123927377,0.14925623215572492,0.6747088605821717,0.2804902994223475,0.9755637340784413,1
0.6781730664334337,0.41600975172866406,0.42349956349518403,0.9410480806992563,0.6717012549585358,1
0.29683605991145967,0.8076526428913855,0.36125638694211926,0.910513075517127,0.8092052078522526,0
0.14599685964628473,0.6317491932521518,0.37457161473174605,0.7213887741989687,0.750854315489683,0
0.5390354856503657,0.4665586293520374,0.6657704677966013,0.7077556601282616,0.5931665964990098,1
0.30885899604558664,0.1773298414132486,0.22578076010012138,0.13377739426026458,0.7777168270462471,0
0.2949026454913959,0.47162306674432075,0.8655763944264205,0.07701871083685408,0.17168249777665978,1
0.09347393166498352,0.4813326740220514,0.09171808126904768,0.4284546818097187,0.03909684761419929,0
0.6129972856144575,0.05349640911714326,0.9155397387643627,0.9685949306472116,0.49190917678618473,1
0.8953175118134474,0.9156757218352497,0.31918269265966104,0.6594257422250261,0.32422363262078246,1
0.9198398279449644,0.014965926246420014,0.6746591731618667,0.9936056027866381,0.8647409759319257,1
0.9962132819782776,0.7259792749124632,0.02161881785043218,0.6317812127214261,0.33813710179109,1
0.4417078850486468,0.7465575405115716,0.5526497397532306,0.6778621546169701,0.7198465660346817,1
0.470316354004198,0.07480053446744628,0.19775198901942415,0.716485639751504,0.10074907814245382,0
0.04726589231103895,0.8040866052465367,0.3561456885432348,0.023032756279212863,0.7206893337151158,0
0.21574616973502403,0.6293671422741739,0.2883123902276574,0.8334455563791183,0.7885092593771172,0
0.0984831755524499,0.697706424370912,0.2493314295834841,0.02167263055774582,0.5399835985840942,0
0.5716172144165808,0.28357199629414287,0.004385457146037219,0.5597500279791263,0.005027758818056949,0
0.33984605698967096,0.5504321252923369,0.09169150615947519,0.2132952363425653,0.5273789369735007,0
0.029216638615283008,0.7283661413999791,0.7268814116479256,0.6096277768683602,0.09729153341948449,0
0.8753875303951625,0.6979627903048838,0.7708569069869948,0.8542103208007134,0.564253781370954,1
0.0584307680215892,0.9788935253134335,0.08564605883220877,0.2673143717823565,0.26918751832333376,0
0.9392209817707865,0.07654003247602159,0.7781825950995426,0.2823157739161165,0.24103298214545388,1
0.04348418519830133,0.6501850484921905,0.26363180280368026,0.9813251123823744,0.20690467581627991,0
0.6594271812333938,0.9201448712365208,0.09223162025192144,0.8987008572472317,0.4742940370202332,0
0.199704710207823,0.7086702664390881,0.3462552511303587,0.6790404294277869,0.40358984483172256,0
0.4312106958199724,0.38725927689373385,0.9109339810742798,0.6325541626423463,0.7627973429257915,1
0.015488122563878104,0.5613015192115403,0.5776505435399434,0.26496127835298966,0.7329652494992863,0
0.604978537166539,0.772930720826633,0.4950205851184579,0.9274252701736314,0.9788939569693589,1
0.5409791514086357,0.004982599966319556,0.49163910400011634,0.164450303554589,0.2306917507834776,0
0.6744362699685903,0.5456558049503228,0.84804352692377,0.08944797730689791,0.3115881928395957,1
0.13106828350506883,0.4774544605080634,0.08800282335989662,0.140202225936934,0.7717540044007235,0
0.8583049977081978,0.3184993984094062,0.6385977283102987,0.1304863544866205,0.7864159048562102,1
0.9556867748093852,0.4814001882098693,0.39407883408752575,0.7884831744154631,0.7266543467751563,1
0.8326144860550847,0.9687181512932393,0.749358184087159,0.7240527663358126,0.5357274687710294,1
0.22918978787131994,0.7533607505733311,0.8243992914315825,0.41070874996470486,0.853740122987909,1
0.19722127478272078,0.3024153623655207,0.09914915363229482,0.5580433525441958,0.2899115585876162,0
0.7791991123006585,0.29020837510128406,0.9004935546881873,0.491181274509763,0.34074188428627783,1
0.5593463824445611,0.7839643514664459,0.25886822104078155,0.48332025417959956,0.30354953280525165,0
0.8662463899633014,0.01515519321942016,0.8045444143315315,0.28273676455888685,0.033004951873972455,1
0.5689536611899355,0.6391142716056754,0.3142836114088794,0.4288994376168155,0.008304504802065682,0
0.4895449222831826,0.56661765888377,0.22474503268877333,0.2797557016922476,0.4262908319596608,0
0.3294474599531726,0.2840985797432889,0.2601318508052749,0.33425127654136555,0.7079892916450249,0
0.5017001441440136,0.5530914734541719,0.9940587682268477,0.6839464708026902,0.3727546122818203,1
0.4479835745090688,0.5188695465285645,0.7373301980476369,0.8634347153436087,0.09704731147195089,1
0.9971912659263978,0.0863157416312551,0.43119210847983214,0.2127497292319972,0.7313466032450799,1
0.05938230826221402,0.26237088271051545,0.8240550697182889,0.6917125756920169,0.7332335987711276,0
0.3844005497884607,0.7185629768173262,0.04225639456687813,0.0036434334249019207,0.8102162669805721,0
0.38968775253408316,0.11029591501698355,0.877509394202163,0.42697081096433287,0.23355853390254733,1
0.8412659320846293,0.8526468947036389,0.16414706754317865,0.2847437751381071,0.37377954402519753,1
0.4992424427474932,0.6359070891553416,0.43324076835301706,0.460614825810837,0.12051289654532005,0
0.8710755957656838,0.0037639181776125685,0.5122066599376782,0.522197136619079,0.7445604050419768,1
0.027834258656591837,0.808013744765064,0.28029880513432215,0.2464963996349634,0.7707989363643498,0
0.07725270754335789,0.18120733161054148,0.6227404191909129,0.8894884867690136,0.43627623229885093,0
0.9929306337415789,0.8557113459250721,0.8069806130699323,0.960221500641432,0.480546766787161,1
0.054170931009752565,0.02699756766047612,0.7631497218534192,0.7852400974778379,0.2733430120314766,0
0.2648376400227259,0.1990990181507648,0.8302724971752836,0.7195535276901518,0.5624254472445788,1
0.7352491431945628,0.18134786168176664,0.295587508434502,0.8130002145388637,0.9764216338578672,0
0.9282169439446339,0.4312236591053429,0.23539802942305477,0.6230103058947798,0.48107268503588785,1
0.44467990879558994,0.16228317430116113,0.8494884518962467,0.7299361534386968,0.30052185966466005,1
0.7087965362775959,0.1829449838849464,0.9082289890887046,0.8734545730717448,0.09954646200695949,1
0.4748613602483427,0.17002555639204409,0.8226245210849765,0.20534441326175046,0.7671081583395114,1
0.7656095734997929,0.26671453378894094,0.8482701249065113,0.21652488546070425,0.6804091402312439,1
0.8256993795739849,0.11286863155332516,0.9482591367274499,0.27813972773832285,0.19480701485003316,1
0.0515276680575798,0.968845972067987,0.8502502671038612,0.9122208276311906,0.5074973791158935,1
0.10887240041525625,0.5921100220322385,0.2805215444694841,0.3717223089163527,0.5037339837421907,0
0.2145120049107323,0.9362674982997036,0.5080766866976327,0.7633611733312116,0.540220723813122,1
0.8576635494799528,0.9120723019723481,0.6165967065371223,0.1934540440993594,0.8195415746641441,1
0.8764764087410708,0.7543781808065871,0.7055623313485223,0.9751737722893912,0.7650774270144143,1
0.42717738730393007,0.34255013042951454,0.13044088232396278,0.27265368458223205,0.3351280312815884,0
0.6184632219716691,0.5892668565341552,0.38767067619906015,0.5245341811128688,0.47594714832282103,1
0.8460205077727653,0.3309549887469292,0.0230565394864638,0.6741070221637288,0.005762397513070061,0
0.020104408674696317,0.008204874190368638,0.7958576274151353,0.2870847249926297,0.2806169272883283,0
0.6844445877989661,0.15761552186971584,0.12976969114398584,0.8375074597641152,0.8861836311288097,0
0.5395213200517932,0.6601246348846399,0.6130425216387763,0.9339705431365934,0.26689223812499985,1
0.26312808898522144,0.3783420862899314,0.39781089724477825,0.4295871085542218,0.3969654355607981,0
0.8659945474637698,0.6858863514355718,0.8619853246067443,0.4421727712544885,0.7552012413083572,1
